date,group,stage,round,match_id,home_team,away_team,home_slot,away_slot,status,poisson_home_xg,poisson_away_xg,poisson_top_scores
2026-06-11,A,Group Stage,Group Stage,,Mexico,South Africa,,,scheduled,1.7386982,0.63200885,"[{""scoreline"": ""1-0"", ""probability"": 0.16242}, {""scoreline"": ""2-0"", ""probability"": 0.1412}, {""scoreline"": ""1-1"", ""probability"": 0.102651}, {""scoreline"": ""0-0"", ""probability"": 0.093415}, {""scoreline"": ""2-1"", ""probability"": 0.089239}]"
2026-06-11,A,Group Stage,Group Stage,,South Korea,Czech Republic,,,scheduled,1.6138458,1.1684644,"[{""scoreline"": ""1-1"", ""probability"": 0.116717}, {""scoreline"": ""1-0"", ""probability"": 0.09989}, {""scoreline"": ""2-1"", ""probability"": 0.094182}, {""scoreline"": ""2-0"", ""probability"": 0.080603}, {""scoreline"": ""0-1"", ""probability"": 0.072323}]"
2026-06-12,B,Group Stage,Group Stage,,Canada,Bosnia and Herzegovina,,,scheduled,1.6576349,0.6462494,"[{""scoreline"": ""1-0"", ""probability"": 0.165548}, {""scoreline"": ""2-0"", ""probability"": 0.137209}, {""scoreline"": ""1-1"", ""probability"": 0.106985}, {""scoreline"": ""0-0"", ""probability"": 0.09987}, {""scoreline"": ""2-1"", ""probability"": 0.088671}]"
2026-06-12,D,Group Stage,Group Stage,,United States,Paraguay,,,scheduled,1.4447396,1.4310279,"[{""scoreline"": ""1-1"", ""probability"": 0.116549}, {""scoreline"": ""2-1"", ""probability"": 0.084191}, {""scoreline"": ""1-2"", ""probability"": 0.083392}, {""scoreline"": ""1-0"", ""probability"": 0.081444}, {""scoreline"": ""0-1"", ""probability"": 0.080671}]"
2026-06-13,B,Group Stage,Group Stage,,Qatar,Switzerland,,,scheduled,0.80948824,1.8419051,"[{""scoreline"": ""0-1"", ""probability"": 0.129952}, {""scoreline"": ""0-2"", ""probability"": 0.119679}, {""scoreline"": ""1-1"", ""probability"": 0.105194}, {""scoreline"": ""1-2"", ""probability"": 0.096879}, {""scoreline"": ""0-3"", ""probability"": 0.073479}]"
2026-06-13,C,Group Stage,Group Stage,,Brazil,Morocco,,,scheduled,1.490678,1.7266024,"[{""scoreline"": ""1-1"", ""probability"": 0.103117}, {""scoreline"": ""1-2"", ""probability"": 0.089021}, {""scoreline"": ""2-1"", ""probability"": 0.076857}, {""scoreline"": ""0-1"", ""probability"": 0.069174}, {""scoreline"": ""2-2"", ""probability"": 0.066351}]"
2026-06-13,C,Group Stage,Group Stage,,Haiti,Scotland,,,scheduled,1.0237389,1.6371651,"[{""scoreline"": ""1-1"", ""probability"": 0.117129}, {""scoreline"": ""0-1"", ""probability"": 0.114413}, {""scoreline"": ""1-2"", ""probability"": 0.09588}, {""scoreline"": ""0-2"", ""probability"": 0.093657}, {""scoreline"": ""1-0"", ""probability"": 0.071544}]"
2026-06-13,D,Group Stage,Group Stage,,Australia,Turkey,,,scheduled,1.1927425,1.3437093,"[{""scoreline"": ""1-1"", ""probability"": 0.126848}, {""scoreline"": ""0-1"", ""probability"": 0.10635}, {""scoreline"": ""1-0"", ""probability"": 0.094402}, {""scoreline"": ""1-2"", ""probability"": 0.085224}, {""scoreline"": ""0-0"", ""probability"": 0.079147}]"
2026-06-14,F,Group Stage,Group Stage,,Sweden,Tunisia,,,scheduled,1.5734882,1.0455507,"[{""scoreline"": ""1-1"", ""probability"": 0.119888}, {""scoreline"": ""1-0"", ""probability"": 0.114665}, {""scoreline"": ""2-1"", ""probability"": 0.094321}, {""scoreline"": ""2-0"", ""probability"": 0.090212}, {""scoreline"": ""0-1"", ""probability"": 0.076192}]"
2026-06-14,F,Group Stage,Group Stage,,Netherlands,Japan,,,scheduled,1.3633549,1.1829519,"[{""scoreline"": ""1-1"", ""probability"": 0.126395}, {""scoreline"": ""1-0"", ""probability"": 0.106847}, {""scoreline"": ""0-1"", ""probability"": 0.092709}, {""scoreline"": ""2-1"", ""probability"": 0.08616}, {""scoreline"": ""0-0"", ""probability"": 0.078371}]"
2026-06-14,E,Group Stage,Group Stage,,Germany,Curaçao,,,scheduled,3.6114573,0.70853895,"[{""scoreline"": ""3-0"", ""probability"": 0.104411}, {""scoreline"": ""4-0"", ""probability"": 0.094269}, {""scoreline"": ""2-0"", ""probability"": 0.086733}, {""scoreline"": ""3-1"", ""probability"": 0.073979}, {""scoreline"": ""5-0"", ""probability"": 0.06809}]"
2026-06-14,E,Group Stage,Group Stage,,Ivory Coast,Ecuador,,,scheduled,1.0261956,1.5445687,"[{""scoreline"": ""1-1"", ""probability"": 0.121218}, {""scoreline"": ""0-1"", ""probability"": 0.118124}, {""scoreline"": ""1-2"", ""probability"": 0.093615}, {""scoreline"": ""0-2"", ""probability"": 0.091225}, {""scoreline"": ""1-0"", ""probability"": 0.07848}]"
2026-06-15,G,Group Stage,Group Stage,,Belgium,Egypt,,,scheduled,1.7621427,0.9192743,"[{""scoreline"": ""1-0"", ""probability"": 0.120647}, {""scoreline"": ""1-1"", ""probability"": 0.110908}, {""scoreline"": ""2-0"", ""probability"": 0.106299}, {""scoreline"": ""2-1"", ""probability"": 0.097718}, {""scoreline"": ""0-0"", ""probability"": 0.068466}]"
2026-06-15,G,Group Stage,Group Stage,,Iran,New Zealand,,,scheduled,2.1070232,0.6491027,"[{""scoreline"": ""2-0"", ""probability"": 0.141039}, {""scoreline"": ""1-0"", ""probability"": 0.133875}, {""scoreline"": ""3-0"", ""probability"": 0.099057}, {""scoreline"": ""2-1"", ""probability"": 0.091549}, {""scoreline"": ""1-1"", ""probability"": 0.086899}]"
2026-06-15,H,Group Stage,Group Stage,,Saudi Arabia,Uruguay,,,scheduled,0.8899625,1.706642,"[{""scoreline"": ""0-1"", ""probability"": 0.12719}, {""scoreline"": ""1-1"", ""probability"": 0.113194}, {""scoreline"": ""0-2"", ""probability"": 0.108534}, {""scoreline"": ""1-2"", ""probability"": 0.096591}, {""scoreline"": ""0-0"", ""probability"": 0.074526}]"
2026-06-15,H,Group Stage,Group Stage,,Spain,Cape Verde,,,scheduled,2.538633,0.7091461,"[{""scoreline"": ""2-0"", ""probability"": 0.125221}, {""scoreline"": ""3-0"", ""probability"": 0.105963}, {""scoreline"": ""1-0"", ""probability"": 0.098652}, {""scoreline"": ""2-1"", ""probability"": 0.0888}, {""scoreline"": ""3-1"", ""probability"": 0.075144}]"
2026-06-16,J,Group Stage,Group Stage,,Austria,Jordan,,,scheduled,2.3542042,0.88841593,"[{""scoreline"": ""2-0"", ""probability"": 0.108245}, {""scoreline"": ""2-1"", ""probability"": 0.096166}, {""scoreline"": ""1-0"", ""probability"": 0.091959}, {""scoreline"": ""3-0"", ""probability"": 0.084943}, {""scoreline"": ""1-1"", ""probability"": 0.081697}]"
2026-06-16,I,Group Stage,Group Stage,,France,Senegal,,,scheduled,1.7695166,0.96981,"[{""scoreline"": ""1-0"", ""probability"": 0.114335}, {""scoreline"": ""1-1"", ""probability"": 0.110883}, {""scoreline"": ""2-0"", ""probability"": 0.101159}, {""scoreline"": ""2-1"", ""probability"": 0.098105}, {""scoreline"": ""0-0"", ""probability"": 0.064614}]"
2026-06-16,I,Group Stage,Group Stage,,Iraq,Norway,,,scheduled,1.0185059,1.3659686,"[{""scoreline"": ""1-1"", ""probability"": 0.128186}, {""scoreline"": ""0-1"", ""probability"": 0.125857}, {""scoreline"": ""1-0"", ""probability"": 0.093842}, {""scoreline"": ""0-0"", ""probability"": 0.092137}, {""scoreline"": ""1-2"", ""probability"": 0.087549}]"
2026-06-16,J,Group Stage,Group Stage,,Argentina,Algeria,,,scheduled,1.8083069,0.8599953,"[{""scoreline"": ""1-0"", ""probability"": 0.125442}, {""scoreline"": ""2-0"", ""probability"": 0.113419}, {""scoreline"": ""1-1"", ""probability"": 0.10788}, {""scoreline"": ""2-1"", ""probability"": 0.09754}, {""scoreline"": ""0-0"", ""probability"": 0.06937}]"
2026-06-17,L,Group Stage,Group Stage,,Ghana,Panama,,,scheduled,1.0629117,1.9953016,"[{""scoreline"": ""1-1"", ""probability"": 0.099619}, {""scoreline"": ""1-2"", ""probability"": 0.099385}, {""scoreline"": ""0-1"", ""probability"": 0.093722}, {""scoreline"": ""0-2"", ""probability"": 0.093502}, {""scoreline"": ""1-3"", ""probability"": 0.066101}]"
2026-06-17,L,Group Stage,Group Stage,,England,Croatia,,,scheduled,1.5151205,1.0843053,"[{""scoreline"": ""1-1"", ""probability"": 0.122091}, {""scoreline"": ""1-0"", ""probability"": 0.112598}, {""scoreline"": ""2-1"", ""probability"": 0.092491}, {""scoreline"": ""2-0"", ""probability"": 0.0853}, {""scoreline"": ""0-1"", ""probability"": 0.080581}]"
2026-06-17,K,Group Stage,Group Stage,,Portugal,DR Congo,,,scheduled,1.962534,0.63059044,"[{""scoreline"": ""1-0"", ""probability"": 0.14677}, {""scoreline"": ""2-0"", ""probability"": 0.144021}, {""scoreline"": ""3-0"", ""probability"": 0.094215}, {""scoreline"": ""1-1"", ""probability"": 0.092552}, {""scoreline"": ""2-1"", ""probability"": 0.090818}]"
2026-06-17,K,Group Stage,Group Stage,,Uzbekistan,Colombia,,,scheduled,0.9162529,1.8151556,"[{""scoreline"": ""0-1"", ""probability"": 0.118217}, {""scoreline"": ""1-1"", ""probability"": 0.108316}, {""scoreline"": ""0-2"", ""probability"": 0.107291}, {""scoreline"": ""1-2"", ""probability"": 0.098305}, {""scoreline"": ""0-0"", ""probability"": 0.065127}]"
2026-06-18,A,Group Stage,Group Stage,,Czech Republic,South Africa,,,scheduled,1.6334685,0.91818595,"[{""scoreline"": ""1-0"", ""probability"": 0.127333}, {""scoreline"": ""1-1"", ""probability"": 0.116915}, {""scoreline"": ""2-0"", ""probability"": 0.103997}, {""scoreline"": ""2-1"", ""probability"": 0.095489}, {""scoreline"": ""0-0"", ""probability"": 0.077953}]"
2026-06-18,A,Group Stage,Group Stage,,Mexico,South Korea,,,scheduled,1.394082,1.0900123,"[{""scoreline"": ""1-1"", ""probability"": 0.126733}, {""scoreline"": ""1-0"", ""probability"": 0.116268}, {""scoreline"": ""0-1"", ""probability"": 0.090908}, {""scoreline"": ""2-1"", ""probability"": 0.088338}, {""scoreline"": ""0-0"", ""probability"": 0.083401}]"
2026-06-18,B,Group Stage,Group Stage,,Canada,Qatar,,,scheduled,1.6785299,0.609738,"[{""scoreline"": ""1-0"", ""probability"": 0.170273}, {""scoreline"": ""2-0"", ""probability"": 0.142905}, {""scoreline"": ""1-1"", ""probability"": 0.103822}, {""scoreline"": ""0-0"", ""probability"": 0.101442}, {""scoreline"": ""2-1"", ""probability"": 0.087134}]"
2026-06-18,B,Group Stage,Group Stage,,Switzerland,Bosnia and Herzegovina,,,scheduled,1.7794006,0.7075086,"[{""scoreline"": ""1-0"", ""probability"": 0.147987}, {""scoreline"": ""2-0"", ""probability"": 0.131664}, {""scoreline"": ""1-1"", ""probability"": 0.104702}, {""scoreline"": ""2-1"", ""probability"": 0.093153}, {""scoreline"": ""0-0"", ""probability"": 0.083167}]"
2026-06-19,D,Group Stage,Group Stage,,United States,Australia,,,scheduled,1.375771,1.6725502,"[{""scoreline"": ""1-1"", ""probability"": 0.109158}, {""scoreline"": ""1-2"", ""probability"": 0.091286}, {""scoreline"": ""0-1"", ""probability"": 0.079343}, {""scoreline"": ""2-1"", ""probability"": 0.075088}, {""scoreline"": ""0-2"", ""probability"": 0.066353}]"
2026-06-19,C,Group Stage,Group Stage,,Brazil,Haiti,,,scheduled,2.2074137,0.7959528,"[{""scoreline"": ""2-0"", ""probability"": 0.12089}, {""scoreline"": ""1-0"", ""probability"": 0.109531}, {""scoreline"": ""2-1"", ""probability"": 0.096223}, {""scoreline"": ""3-0"", ""probability"": 0.088952}, {""scoreline"": ""1-1"", ""probability"": 0.087182}]"
2026-06-19,C,Group Stage,Group Stage,,Scotland,Morocco,,,scheduled,0.978689,1.7412384,"[{""scoreline"": ""0-1"", ""probability"": 0.114712}, {""scoreline"": ""1-1"", ""probability"": 0.112267}, {""scoreline"": ""0-2"", ""probability"": 0.09987}, {""scoreline"": ""1-2"", ""probability"": 0.097742}, {""scoreline"": ""0-0"", ""probability"": 0.06588}]"
2026-06-19,D,Group Stage,Group Stage,,Turkey,Paraguay,,,scheduled,1.4250242,1.0731194,"[{""scoreline"": ""1-1"", ""probability"": 0.125759}, {""scoreline"": ""1-0"", ""probability"": 0.11719}, {""scoreline"": ""2-1"", ""probability"": 0.089605}, {""scoreline"": ""0-1"", ""probability"": 0.088251}, {""scoreline"": ""2-0"", ""probability"": 0.0835}]"
2026-06-20,F,Group Stage,Group Stage,,Tunisia,Japan,,,scheduled,0.7464898,2.1437697,"[{""scoreline"": ""0-2"", ""probability"": 0.127674}, {""scoreline"": ""0-1"", ""probability"": 0.119112}, {""scoreline"": ""1-2"", ""probability"": 0.095307}, {""scoreline"": ""0-3"", ""probability"": 0.091235}, {""scoreline"": ""1-1"", ""probability"": 0.088916}]"
2026-06-20,F,Group Stage,Group Stage,,Netherlands,Sweden,,,scheduled,1.9886744,1.0279866,"[{""scoreline"": ""1-1"", ""probability"": 0.1001}, {""scoreline"": ""2-1"", ""probability"": 0.099533}, {""scoreline"": ""1-0"", ""probability"": 0.097374}, {""scoreline"": ""2-0"", ""probability"": 0.096823}, {""scoreline"": ""3-1"", ""probability"": 0.065979}]"
2026-06-20,E,Group Stage,Group Stage,,Germany,Ivory Coast,,,scheduled,1.9124984,1.0814797,"[{""scoreline"": ""1-1"", ""probability"": 0.103598}, {""scoreline"": ""2-1"", ""probability"": 0.099065}, {""scoreline"": ""1-0"", ""probability"": 0.095793}, {""scoreline"": ""2-0"", ""probability"": 0.091602}, {""scoreline"": ""3-1"", ""probability"": 0.063154}]"
2026-06-20,E,Group Stage,Group Stage,,Ecuador,Curaçao,,,scheduled,3.9286,0.667841,"[{""scoreline"": ""3-0"", ""probability"": 0.101942}, {""scoreline"": ""4-0"", ""probability"": 0.100122}, {""scoreline"": ""5-0"", ""probability"": 0.078668}, {""scoreline"": ""2-0"", ""probability"": 0.077846}, {""scoreline"": ""3-1"", ""probability"": 0.068081}]"
2026-06-21,H,Group Stage,Group Stage,,Uruguay,Cape Verde,,,scheduled,1.9141381,0.753326,"[{""scoreline"": ""1-0"", ""probability"": 0.132895}, {""scoreline"": ""2-0"", ""probability"": 0.12719}, {""scoreline"": ""1-1"", ""probability"": 0.100113}, {""scoreline"": ""2-1"", ""probability"": 0.095815}, {""scoreline"": ""3-0"", ""probability"": 0.081153}]"
2026-06-21,G,Group Stage,Group Stage,,Belgium,Iran,,,scheduled,1.5248909,1.2133772,"[{""scoreline"": ""1-1"", ""probability"": 0.11968}, {""scoreline"": ""1-0"", ""probability"": 0.098633}, {""scoreline"": ""2-1"", ""probability"": 0.091249}, {""scoreline"": ""0-1"", ""probability"": 0.078484}, {""scoreline"": ""2-0"", ""probability"": 0.075203}]"
2026-06-21,G,Group Stage,Group Stage,,New Zealand,Egypt,,,scheduled,0.9226223,1.7718735,"[{""scoreline"": ""0-1"", ""probability"": 0.119737}, {""scoreline"": ""1-1"", ""probability"": 0.110472}, {""scoreline"": ""0-2"", ""probability"": 0.106079}, {""scoreline"": ""1-2"", ""probability"": 0.097871}, {""scoreline"": ""0-0"", ""probability"": 0.067576}]"
2026-06-21,H,Group Stage,Group Stage,,Spain,Saudi Arabia,,,scheduled,2.0206888,0.6914736,"[{""scoreline"": ""2-0"", ""probability"": 0.135548}, {""scoreline"": ""1-0"", ""probability"": 0.13416}, {""scoreline"": ""2-1"", ""probability"": 0.093728}, {""scoreline"": ""1-1"", ""probability"": 0.092768}, {""scoreline"": ""3-0"", ""probability"": 0.0913}]"
2026-06-22,J,Group Stage,Group Stage,,Argentina,Austria,,,scheduled,1.8848212,0.9013055,"[{""scoreline"": ""1-0"", ""probability"": 0.116217}, {""scoreline"": ""2-0"", ""probability"": 0.109524}, {""scoreline"": ""1-1"", ""probability"": 0.104747}, {""scoreline"": ""2-1"", ""probability"": 0.098715}, {""scoreline"": ""3-0"", ""probability"": 0.068811}]"
2026-06-22,J,Group Stage,Group Stage,,Jordan,Algeria,,,scheduled,0.95900685,2.371443,"[{""scoreline"": ""0-2"", ""probability"": 0.1006}, {""scoreline"": ""1-2"", ""probability"": 0.096476}, {""scoreline"": ""0-1"", ""probability"": 0.084843}, {""scoreline"": ""1-1"", ""probability"": 0.081365}, {""scoreline"": ""0-3"", ""probability"": 0.079523}]"
2026-06-22,I,Group Stage,Group Stage,,France,Iraq,,,scheduled,2.0675805,0.74346685,"[{""scoreline"": ""2-0"", ""probability"": 0.12855}, {""scoreline"": ""1-0"", ""probability"": 0.124348}, {""scoreline"": ""2-1"", ""probability"": 0.095573}, {""scoreline"": ""1-1"", ""probability"": 0.092449}, {""scoreline"": ""3-0"", ""probability"": 0.088596}]"
2026-06-22,I,Group Stage,Group Stage,,Norway,Senegal,,,scheduled,1.3735774,1.2589971,"[{""scoreline"": ""1-1"", ""probability"": 0.124327}, {""scoreline"": ""1-0"", ""probability"": 0.098751}, {""scoreline"": ""0-1"", ""probability"": 0.090513}, {""scoreline"": ""2-1"", ""probability"": 0.085386}, {""scoreline"": ""1-2"", ""probability"": 0.078264}]"
2026-06-23,L,Group Stage,Group Stage,,England,Ghana,,,scheduled,2.4600694,0.64961123,"[{""scoreline"": ""2-0"", ""probability"": 0.135004}, {""scoreline"": ""3-0"", ""probability"": 0.110707}, {""scoreline"": ""1-0"", ""probability"": 0.109756}, {""scoreline"": ""2-1"", ""probability"": 0.0877}, {""scoreline"": ""3-1"", ""probability"": 0.071916}]"
2026-06-23,L,Group Stage,Group Stage,,Panama,Croatia,,,scheduled,1.155591,2.1710923,"[{""scoreline"": ""1-2"", ""probability"": 0.097807}, {""scoreline"": ""1-1"", ""probability"": 0.090099}, {""scoreline"": ""0-2"", ""probability"": 0.084638}, {""scoreline"": ""0-1"", ""probability"": 0.077968}, {""scoreline"": ""1-3"", ""probability"": 0.070783}]"
2026-06-23,K,Group Stage,Group Stage,,Colombia,DR Congo,,,scheduled,1.9114876,0.71620494,"[{""scoreline"": ""1-0"", ""probability"": 0.138095}, {""scoreline"": ""2-0"", ""probability"": 0.131984}, {""scoreline"": ""1-1"", ""probability"": 0.098905}, {""scoreline"": ""2-1"", ""probability"": 0.094527}, {""scoreline"": ""3-0"", ""probability"": 0.084095}]"
2026-06-23,K,Group Stage,Group Stage,,Portugal,Uzbekistan,,,scheduled,1.6941965,0.6717546,"[{""scoreline"": ""1-0"", ""probability"": 0.159017}, {""scoreline"": ""2-0"", ""probability"": 0.134703}, {""scoreline"": ""1-1"", ""probability"": 0.106821}, {""scoreline"": ""0-0"", ""probability"": 0.09386}, {""scoreline"": ""2-1"", ""probability"": 0.090488}]"
2026-06-24,A,Group Stage,Group Stage,,Czech Republic,Mexico,,,scheduled,1.0111212,1.8731498,"[{""scoreline"": ""1-1"", ""probability"": 0.105865}, {""scoreline"": ""0-1"", ""probability"": 0.104701}, {""scoreline"": ""1-2"", ""probability"": 0.099151}, {""scoreline"": ""0-2"", ""probability"": 0.09806}, {""scoreline"": ""1-3"", ""probability"": 0.061908}]"
2026-06-24,A,Group Stage,Group Stage,,South Africa,South Korea,,,scheduled,0.8493893,1.6505624,"[{""scoreline"": ""0-1"", ""probability"": 0.135493}, {""scoreline"": ""1-1"", ""probability"": 0.115086}, {""scoreline"": ""0-2"", ""probability"": 0.11182}, {""scoreline"": ""1-2"", ""probability"": 0.094979}, {""scoreline"": ""0-0"", ""probability"": 0.082089}]"
2026-06-24,B,Group Stage,Group Stage,,Bosnia and Herzegovina,Qatar,,,scheduled,1.6496998,1.0506855,"[{""scoreline"": ""1-1"", ""probability"": 0.116443}, {""scoreline"": ""1-0"", ""probability"": 0.110826}, {""scoreline"": ""2-1"", ""probability"": 0.096048}, {""scoreline"": ""2-0"", ""probability"": 0.091415}, {""scoreline"": ""0-1"", ""probability"": 0.070585}]"
2026-06-24,B,Group Stage,Group Stage,,Switzerland,Canada,,,scheduled,1.3829875,1.1340201,"[{""scoreline"": ""1-1"", ""probability"": 0.126566}, {""scoreline"": ""1-0"", ""probability"": 0.111608}, {""scoreline"": ""0-1"", ""probability"": 0.091516}, {""scoreline"": ""2-1"", ""probability"": 0.087519}, {""scoreline"": ""0-0"", ""probability"": 0.080701}]"
2026-06-24,C,Group Stage,Group Stage,,Morocco,Haiti,,,scheduled,2.0598927,0.6707592,"[{""scoreline"": ""2-0"", ""probability"": 0.138278}, {""scoreline"": ""1-0"", ""probability"": 0.134257}, {""scoreline"": ""3-0"", ""probability"": 0.094946}, {""scoreline"": ""2-1"", ""probability"": 0.092751}, {""scoreline"": ""1-1"", ""probability"": 0.090054}]"
2026-06-24,C,Group Stage,Group Stage,,Scotland,Brazil,,,scheduled,0.89501804,1.8958309,"[{""scoreline"": ""0-1"", ""probability"": 0.116345}, {""scoreline"": ""0-2"", ""probability"": 0.110286}, {""scoreline"": ""1-1"", ""probability"": 0.104131}, {""scoreline"": ""1-2"", ""probability"": 0.098708}, {""scoreline"": ""0-3"", ""probability"": 0.069694}]"
2026-06-25,F,Group Stage,Group Stage,,Tunisia,Netherlands,,,scheduled,0.7529159,2.8283339,"[{""scoreline"": ""0-2"", ""probability"": 0.111356}, {""scoreline"": ""0-3"", ""probability"": 0.104984}, {""scoreline"": ""1-2"", ""probability"": 0.083842}, {""scoreline"": ""1-3"", ""probability"": 0.079044}, {""scoreline"": ""0-1"", ""probability"": 0.078743}]"
2026-06-25,F,Group Stage,Group Stage,,Japan,Sweden,,,scheduled,2.4157941,0.98883307,"[{""scoreline"": ""2-0"", ""probability"": 0.096935}, {""scoreline"": ""2-1"", ""probability"": 0.095852}, {""scoreline"": ""1-0"", ""probability"": 0.080251}, {""scoreline"": ""1-1"", ""probability"": 0.079355}, {""scoreline"": ""3-0"", ""probability"": 0.078058}]"
2026-06-25,E,Group Stage,Group Stage,,Ecuador,Germany,,,scheduled,1.0984758,1.6750166,"[{""scoreline"": ""1-1"", ""probability"": 0.114894}, {""scoreline"": ""0-1"", ""probability"": 0.104594}, {""scoreline"": ""1-2"", ""probability"": 0.096225}, {""scoreline"": ""0-2"", ""probability"": 0.087598}, {""scoreline"": ""1-0"", ""probability"": 0.068593}]"
2026-06-25,E,Group Stage,Group Stage,,Curaçao,Ivory Coast,,,scheduled,0.7268587,3.20593,"[{""scoreline"": ""0-3"", ""probability"": 0.107578}, {""scoreline"": ""0-2"", ""probability"": 0.100668}, {""scoreline"": ""0-4"", ""probability"": 0.086222}, {""scoreline"": ""1-3"", ""probability"": 0.078194}, {""scoreline"": ""1-2"", ""probability"": 0.073171}]"
2026-06-25,D,Group Stage,Group Stage,,Paraguay,Australia,,,scheduled,1.2128752,1.3259163,"[{""scoreline"": ""1-1"", ""probability"": 0.126984}, {""scoreline"": ""0-1"", ""probability"": 0.104697}, {""scoreline"": ""1-0"", ""probability"": 0.095771}, {""scoreline"": ""1-2"", ""probability"": 0.084185}, {""scoreline"": ""0-0"", ""probability"": 0.078962}]"
2026-06-25,D,Group Stage,Group Stage,,Turkey,United States,,,scheduled,1.2993113,1.2835877,"[{""scoreline"": ""1-1"", ""probability"": 0.126009}, {""scoreline"": ""1-0"", ""probability"": 0.098169}, {""scoreline"": ""0-1"", ""probability"": 0.096981}, {""scoreline"": ""2-1"", ""probability"": 0.081862}, {""scoreline"": ""1-2"", ""probability"": 0.080872}]"
2026-06-26,G,Group Stage,Group Stage,,Egypt,Iran,,,scheduled,1.1734915,1.4188833,"[{""scoreline"": ""1-1"", ""probability"": 0.124616}, {""scoreline"": ""0-1"", ""probability"": 0.106192}, {""scoreline"": ""1-2"", ""probability"": 0.088408}, {""scoreline"": ""1-0"", ""probability"": 0.087827}, {""scoreline"": ""0-2"", ""probability"": 0.075337}]"
2026-06-26,G,Group Stage,Group Stage,,New Zealand,Belgium,,,scheduled,0.75224096,2.4329205,"[{""scoreline"": ""0-2"", ""probability"": 0.122441}, {""scoreline"": ""0-1"", ""probability"": 0.100654}, {""scoreline"": ""0-3"", ""probability"": 0.099297}, {""scoreline"": ""1-2"", ""probability"": 0.092105}, {""scoreline"": ""1-1"", ""probability"": 0.075716}]"
2026-06-26,H,Group Stage,Group Stage,,Cape Verde,Saudi Arabia,,,scheduled,1.2101496,1.3550284,"[{""scoreline"": ""1-1"", ""probability"": 0.126109}, {""scoreline"": ""0-1"", ""probability"": 0.104209}, {""scoreline"": ""1-0"", ""probability"": 0.093067}, {""scoreline"": ""1-2"", ""probability"": 0.08544}, {""scoreline"": ""0-0"", ""probability"": 0.076905}]"
2026-06-26,H,Group Stage,Group Stage,,Uruguay,Spain,,,scheduled,0.85148615,1.7466635,"[{""scoreline"": ""0-1"", ""probability"": 0.129971}, {""scoreline"": ""0-2"", ""probability"": 0.113508}, {""scoreline"": ""1-1"", ""probability"": 0.110669}, {""scoreline"": ""1-2"", ""probability"": 0.09665}, {""scoreline"": ""0-0"", ""probability"": 0.074411}]"
2026-06-26,I,Group Stage,Group Stage,,Norway,France,,,scheduled,0.9671932,1.8520792,"[{""scoreline"": ""0-1"", ""probability"": 0.110475}, {""scoreline"": ""1-1"", ""probability"": 0.106851}, {""scoreline"": ""0-2"", ""probability"": 0.102304}, {""scoreline"": ""1-2"", ""probability"": 0.098948}, {""scoreline"": ""0-3"", ""probability"": 0.063159}]"
2026-06-26,I,Group Stage,Group Stage,,Senegal,Iraq,,,scheduled,1.6462435,0.9060509,"[{""scoreline"": ""1-0"", ""probability"": 0.128247}, {""scoreline"": ""1-1"", ""probability"": 0.116198}, {""scoreline"": ""2-0"", ""probability"": 0.105563}, {""scoreline"": ""2-1"", ""probability"": 0.095645}, {""scoreline"": ""0-0"", ""probability"": 0.077903}]"
2026-06-27,L,Group Stage,Group Stage,,Panama,England,,,scheduled,0.7518253,2.3791416,"[{""scoreline"": ""0-2"", ""probability"": 0.123609}, {""scoreline"": ""0-1"", ""probability"": 0.10391}, {""scoreline"": ""0-3"", ""probability"": 0.098028}, {""scoreline"": ""1-2"", ""probability"": 0.092932}, {""scoreline"": ""1-1"", ""probability"": 0.078122}]"
2026-06-27,K,Group Stage,Group Stage,,DR Congo,Uzbekistan,,,scheduled,1.1632876,1.1695797,"[{""scoreline"": ""1-1"", ""probability"": 0.131997}, {""scoreline"": ""0-1"", ""probability"": 0.113469}, {""scoreline"": ""1-0"", ""probability"": 0.112859}, {""scoreline"": ""0-0"", ""probability"": 0.097017}, {""scoreline"": ""1-2"", ""probability"": 0.077191}]"
2026-06-27,L,Group Stage,Group Stage,,Croatia,Ghana,,,scheduled,2.1225138,0.7901446,"[{""scoreline"": ""2-0"", ""probability"": 0.122383}, {""scoreline"": ""1-0"", ""probability"": 0.115319}, {""scoreline"": ""2-1"", ""probability"": 0.0967}, {""scoreline"": ""1-1"", ""probability"": 0.091118}, {""scoreline"": ""3-0"", ""probability"": 0.086586}]"
2026-06-27,J,Group Stage,Group Stage,,Jordan,Argentina,,,scheduled,0.65489733,3.6566343,"[{""scoreline"": ""0-3"", ""probability"": 0.1093}, {""scoreline"": ""0-4"", ""probability"": 0.099917}, {""scoreline"": ""0-2"", ""probability"": 0.089672}, {""scoreline"": ""0-5"", ""probability"": 0.073072}, {""scoreline"": ""1-3"", ""probability"": 0.07158}]"
2026-06-27,J,Group Stage,Group Stage,,Algeria,Austria,,,scheduled,1.3600584,1.2990086,"[{""scoreline"": ""1-1"", ""probability"": 0.123695}, {""scoreline"": ""1-0"", ""probability"": 0.095222}, {""scoreline"": ""0-1"", ""probability"": 0.090948}, {""scoreline"": ""2-1"", ""probability"": 0.084116}, {""scoreline"": ""1-2"", ""probability"": 0.08034}]"
2026-06-27,K,Group Stage,Group Stage,,Colombia,Portugal,,,scheduled,1.3026707,1.3266364,"[{""scoreline"": ""1-1"", ""probability"": 0.12465}, {""scoreline"": ""0-1"", ""probability"": 0.095688}, {""scoreline"": ""1-0"", ""probability"": 0.09396}, {""scoreline"": ""1-2"", ""probability"": 0.082683}, {""scoreline"": ""2-1"", ""probability"": 0.081189}]"
2026-06-28,,Round of 32,Round of 32,R32_01,South Africa,Canada,2nd Group A,2nd Group B,completed,0.89594644,1.6797957,"[{""scoreline"": ""0-1"", ""probability"": 0.127828}, {""scoreline"": ""1-1"", ""probability"": 0.114527}, {""scoreline"": ""0-2"", ""probability"": 0.107362}, {""scoreline"": ""1-2"", ""probability"": 0.096191}, {""scoreline"": ""0-0"", ""probability"": 0.076097}]"
2026-06-29,,Round of 32,Round of 32,R32_02,Brazil,Japan,1st Group C,3rd Group D/E/F,completed,1.4417834,1.3870654,"[{""scoreline"": ""1-1"", ""probability"": 0.118153}, {""scoreline"": ""1-0"", ""probability"": 0.085182}, {""scoreline"": ""2-1"", ""probability"": 0.085175}, {""scoreline"": ""0-1"", ""probability"": 0.081949}, {""scoreline"": ""1-2"", ""probability"": 0.081943}]"
2026-06-29,,Round of 32,Round of 32,R32_03,Germany,Paraguay,1st Group E,3rd Group A/B/C/D,completed,1.8609859,0.7859048,"[{""scoreline"": ""1-0"", ""probability"": 0.13189}, {""scoreline"": ""2-0"", ""probability"": 0.122723}, {""scoreline"": ""1-1"", ""probability"": 0.103653}, {""scoreline"": ""2-1"", ""probability"": 0.096449}, {""scoreline"": ""3-0"", ""probability"": 0.076129}]"
2026-06-30,,Round of 32,Round of 32,R32_06,France,Sweden,2nd Group E,2nd Group I,completed,2.8107834,0.9794006,"[{""scoreline"": ""2-0"", ""probability"": 0.089242}, {""scoreline"": ""2-1"", ""probability"": 0.087404}, {""scoreline"": ""3-0"", ""probability"": 0.083613}, {""scoreline"": ""3-1"", ""probability"": 0.081891}, {""scoreline"": ""1-0"", ""probability"": 0.0635}]"
2026-06-30,,Round of 32,Round of 32,R32_05,Ivory Coast,Norway,1st Group A,3rd Group C/E/F/H/I,completed,1.1960828,1.2749214,"[{""scoreline"": ""1-1"", ""probability"": 0.128855}, {""scoreline"": ""0-1"", ""probability"": 0.107731}, {""scoreline"": ""1-0"", ""probability"": 0.101069}, {""scoreline"": ""0-0"", ""probability"": 0.0845}, {""scoreline"": ""1-2"", ""probability"": 0.08214}]"
2026-06-30,,Round of 32,Round of 32,R32_04,Netherlands,Morocco,1st Group I,3rd Group C/D/F/G/H,completed,1.438517,1.3551239,"[{""scoreline"": ""1-1"", ""probability"": 0.119297}, {""scoreline"": ""1-0"", ""probability"": 0.088034}, {""scoreline"": ""2-1"", ""probability"": 0.085806}, {""scoreline"": ""0-1"", ""probability"": 0.082931}, {""scoreline"": ""1-2"", ""probability"": 0.080831}]"
2026-07-01,,Round of 32,Round of 32,R32_09,Belgium,Senegal,1st Group B,3rd Group E/F/G/I/J,completed,1.6153681,0.9701353,"[{""scoreline"": ""1-0"", ""probability"": 0.121731}, {""scoreline"": ""1-1"", ""probability"": 0.118096}, {""scoreline"": ""2-0"", ""probability"": 0.09832}, {""scoreline"": ""2-1"", ""probability"": 0.095384}, {""scoreline"": ""0-0"", ""probability"": 0.075358}]"
2026-07-01,,Round of 32,Round of 32,R32_08,England,Congo DR,2nd Group C,2nd Group F,completed,4.906664,0.45511886,"[{""scoreline"": ""4-0"", ""probability"": 0.113329}, {""scoreline"": ""5-0"", ""probability"": 0.111214}, {""scoreline"": ""3-0"", ""probability"": 0.092388}, {""scoreline"": ""2-0"", ""probability"": 0.056487}, {""scoreline"": ""4-1"", ""probability"": 0.051578}]"
2026-07-01,,Round of 32,Round of 32,R32_07,Mexico,Ecuador,1st Group G,3rd Group A/E/H/I/J,completed,1.3329661,1.038485,"[{""scoreline"": ""1-1"", ""probability"": 0.129214}, {""scoreline"": ""1-0"", ""probability"": 0.124426}, {""scoreline"": ""0-1"", ""probability"": 0.096938}, {""scoreline"": ""0-0"", ""probability"": 0.093345}, {""scoreline"": ""2-1"", ""probability"": 0.086119}]"
2026-07-02,,Round of 32,Round of 32,R32_10,United States,Bosnia-Herzegovina,1st Group F,2nd Group L,completed,4.1252327,0.49156925,"[{""scoreline"": ""4-0"", ""probability"": 0.11927}, {""scoreline"": ""3-0"", ""probability"": 0.115649}, {""scoreline"": ""5-0"", ""probability"": 0.098403}, {""scoreline"": ""2-0"", ""probability"": 0.084104}, {""scoreline"": ""4-1"", ""probability"": 0.058629}]"
2026-07-02,,Round of 32,Round of 32,R32_11,Spain,Austria,1st Group D,2nd Group K,completed,1.6739937,0.94743073,"[{""scoreline"": ""1-0"", ""probability"": 0.121698}, {""scoreline"": ""1-1"", ""probability"": 0.1153}, {""scoreline"": ""2-0"", ""probability"": 0.101861}, {""scoreline"": ""2-1"", ""probability"": 0.096506}, {""scoreline"": ""0-0"", ""probability"": 0.072699}]"
2026-07-02,,Round of 32,Round of 32,R32_12,Portugal,Croatia,1st Group H,2nd Group J,completed,1.6042728,0.976503,"[{""scoreline"": ""1-0"", ""probability"": 0.121468}, {""scoreline"": ""1-1"", ""probability"": 0.118614}, {""scoreline"": ""2-0"", ""probability"": 0.097434}, {""scoreline"": ""2-1"", ""probability"": 0.095144}, {""scoreline"": ""0-0"", ""probability"": 0.075715}]"
2026-07-03,,Round of 32,Round of 32,R32_15,Argentina,Cape Verde,1st Group L,3rd Group E/H/I/J/K,completed,2.5180106,0.67008847,"[{""scoreline"": ""2-0"", ""probability"": 0.130771}, {""scoreline"": ""3-0"", ""probability"": 0.109761}, {""scoreline"": ""1-0"", ""probability"": 0.103868}, {""scoreline"": ""2-1"", ""probability"": 0.087628}, {""scoreline"": ""3-1"", ""probability"": 0.073549}]"
2026-07-03,,Round of 32,Round of 32,R32_14,Australia,Egypt,1st Group K,3rd Group B/C/D/F/G,completed,1.3219128,1.0696403,"[{""scoreline"": ""1-1"", ""probability"": 0.129361}, {""scoreline"": ""1-0"", ""probability"": 0.120938}, {""scoreline"": ""0-1"", ""probability"": 0.097859}, {""scoreline"": ""0-0"", ""probability"": 0.091487}, {""scoreline"": ""2-1"", ""probability"": 0.085502}]"
2026-07-03,,Round of 32,Round of 32,R32_13,Switzerland,Algeria,1st Group J,2nd Group H,completed,1.4048721,1.2646898,"[{""scoreline"": ""1-1"", ""probability"": 0.123096}, {""scoreline"": ""1-0"", ""probability"": 0.097333}, {""scoreline"": ""0-1"", ""probability"": 0.087621}, {""scoreline"": ""2-1"", ""probability"": 0.086467}, {""scoreline"": ""1-2"", ""probability"": 0.077839}]"
2026-07-04,,Round of 16,Round of 16,R16_01,Canada,Morocco,Winner R32_01,Winner R32_02,scheduled,1.0955286,1.5911909,"[{""scoreline"": ""1-1"", ""probability"": 0.118719}, {""scoreline"": ""0-1"", ""probability"": 0.108366}, {""scoreline"": ""1-2"", ""probability"": 0.094452}, {""scoreline"": ""0-2"", ""probability"": 0.086216}, {""scoreline"": ""1-0"", ""probability"": 0.07461}]"
2026-07-04,,Round of 16,Round of 16,R16_02,Paraguay,France,Winner R32_03,Winner R32_04,scheduled,0.8910348,1.9457386,"[{""scoreline"": ""0-1"", ""probability"": 0.114048}, {""scoreline"": ""0-2"", ""probability"": 0.110954}, {""scoreline"": ""1-1"", ""probability"": 0.101621}, {""scoreline"": ""1-2"", ""probability"": 0.098864}, {""scoreline"": ""0-3"", ""probability"": 0.071963}]"
2026-07-04,,Round of 32,Round of 32,R32_16,Colombia,Ghana,2nd Group D,2nd Group G,completed,2.6350183,0.6889272,"[{""scoreline"": ""2-0"", ""probability"": 0.125016}, {""scoreline"": ""3-0"", ""probability"": 0.109807}, {""scoreline"": ""1-0"", ""probability"": 0.094888}, {""scoreline"": ""2-1"", ""probability"": 0.086127}, {""scoreline"": ""3-1"", ""probability"": 0.075649}]"
2026-07-05,,Round of 16,Round of 16,R16_03,Brazil,Norway,Winner R32_05,Winner R32_06,scheduled,1.7649121,1.0067525,"[{""scoreline"": ""1-1"", ""probability"": 0.111155}, {""scoreline"": ""1-0"", ""probability"": 0.110409}, {""scoreline"": ""2-1"", ""probability"": 0.098089}, {""scoreline"": ""2-0"", ""probability"": 0.097431}, {""scoreline"": ""0-1"", ""probability"": 0.06298}]"
2026-07-06,,Round of 16,Round of 16,R16_04,Mexico,England,Winner R32_07,Winner R32_08,scheduled,1.1205529,1.3611772,"[{""scoreline"": ""1-1"", ""probability"": 0.12751}, {""scoreline"": ""0-1"", ""probability"": 0.113792}, {""scoreline"": ""1-0"", ""probability"": 0.093677}, {""scoreline"": ""1-2"", ""probability"": 0.086782}, {""scoreline"": ""0-0"", ""probability"": 0.083598}]"
2026-07-06,,Round of 16,Round of 16,R16_05,Portugal,Spain,Winner R32_09,Winner R32_10,scheduled,1.0091947,1.2873145,"[{""scoreline"": ""1-1"", ""probability"": 0.130707}, {""scoreline"": ""0-1"", ""probability"": 0.129516}, {""scoreline"": ""1-0"", ""probability"": 0.101535}, {""scoreline"": ""0-0"", ""probability"": 0.100609}, {""scoreline"": ""1-2"", ""probability"": 0.08413}]"
2026-07-07,,Round of 16,Round of 16,R16_08,Switzerland,Colombia,Winner R32_15,Winner R32_16,scheduled,1.191009,1.6925945,"[{""scoreline"": ""1-1"", ""probability"": 0.112755}, {""scoreline"": ""1-2"", ""probability"": 0.095424}, {""scoreline"": ""0-1"", ""probability"": 0.094672}, {""scoreline"": ""0-2"", ""probability"": 0.08012}, {""scoreline"": ""2-1"", ""probability"": 0.067146}]"
2026-07-07,,Round of 16,Round of 16,R16_07,Argentina,Egypt,Winner R32_13,Winner R32_14,scheduled,1.882804,0.74031794,"[{""scoreline"": ""1-0"", ""probability"": 0.136646}, {""scoreline"": ""2-0"", ""probability"": 0.128639}, {""scoreline"": ""1-1"", ""probability"": 0.101162}, {""scoreline"": ""2-1"", ""probability"": 0.095234}, {""scoreline"": ""3-0"", ""probability"": 0.080734}]"
2026-07-07,,Round of 16,Round of 16,R16_06,United States,Belgium,Winner R32_11,Winner R32_12,scheduled,1.2744249,1.5602931,"[{""scoreline"": ""1-1"", ""probability"": 0.116793}, {""scoreline"": ""0-1"", ""probability"": 0.091644}, {""scoreline"": ""1-2"", ""probability"": 0.091116}, {""scoreline"": ""1-0"", ""probability"": 0.074853}, {""scoreline"": ""2-1"", ""probability"": 0.074422}]"
