date,home_team,away_team,team_news_home,team_news_away,injuries_home,injuries_away,suspensions_home,suspensions_away,expected_lineup_home,expected_lineup_away,coach_comments_home,coach_comments_away,source_type,source_status,request_success,status_code,error_type,error_message,web_search_success,final_text_success,intel_has_content,source_url,source_urls,intel_text,confidence,fetched_at
2026-07-02,Portugal,Croatia,unknown,unknown,unknown,unknown,unknown,unknown,unknown,unknown,unknown,unknown,openai,openai_failed_or_no_sources,False,429.0,unknown_error,"{""code"":""API_KEY_QUOTA_EXHAUSTED"",""message"":""API key 额度已用完""}",False,False,False,unknown,unknown,,0.0,2026-07-02T14:05:43.053231+00:00
2026-07-02,Portugal,Croatia,unknown,unknown,unknown,unknown,unknown,unknown,unknown,unknown,unknown,unknown,unknown,not_run,,,,,,,False,unknown,,,unknown,unknown
2026-07-02,Portugal,Croatia,unknown,unknown,unknown,unknown,unknown,unknown,unknown,unknown,unknown,unknown,unknown,not_run,,,,,,,False,unknown,,,unknown,unknown
2026-07-02,Portugal,Croatia,unknown,unknown,unknown,unknown,unknown,unknown,unknown,unknown,unknown,unknown,unknown,not_run,,,,,,,False,unknown,,,unknown,unknown
2026-07-02,Spain,Austria,unknown,unknown,unknown,unknown,unknown,unknown,unknown,unknown,unknown,unknown,openai,openai_failed_or_no_sources,False,429.0,unknown_error,"{""code"":""API_KEY_QUOTA_EXHAUSTED"",""message"":""API key 额度已用完""}",False,False,False,unknown,unknown,,0.0,2026-07-02T14:05:40.994819+00:00
2026-07-02,Spain,Austria,unknown,unknown,unknown,unknown,unknown,unknown,unknown,unknown,unknown,unknown,unknown,not_run,,,,,,,False,unknown,,,unknown,unknown
2026-07-02,Spain,Austria,unknown,unknown,unknown,unknown,unknown,unknown,unknown,unknown,unknown,unknown,unknown,not_run,,,,,,,False,unknown,,,unknown,unknown
2026-07-02,Spain,Austria,unknown,unknown,unknown,unknown,unknown,unknown,unknown,unknown,unknown,unknown,unknown,not_run,,,,,,,False,unknown,,,unknown,unknown
2026-07-02,Spain,Austria,unknown,unknown,unknown,unknown,unknown,unknown,unknown,unknown,unknown,unknown,unknown,not_run,,,,,,,False,unknown,,,unknown,unknown
2026-07-02,United States,Bosnia-Herzegovina,unknown,unknown,unknown,unknown,unknown,unknown,unknown,unknown,unknown,unknown,openai,openai_failed_or_no_sources,False,429.0,unknown_error,"{""code"":""API_KEY_QUOTA_EXHAUSTED"",""message"":""API key 额度已用完""}",False,False,False,unknown,unknown,,0.0,2026-07-02T14:05:38.831778+00:00
2026-07-02,United States,Bosnia-Herzegovina,unknown,unknown,unknown,unknown,unknown,unknown,unknown,unknown,unknown,unknown,unknown,not_run,,,,,,,False,unknown,,,unknown,unknown
2026-07-02,United States,Bosnia-Herzegovina,unknown,unknown,unknown,unknown,unknown,unknown,unknown,unknown,unknown,unknown,unknown,not_run,,,,,,,False,unknown,,,unknown,unknown
2026-07-02,United States,Bosnia-Herzegovina,unknown,unknown,unknown,unknown,unknown,unknown,unknown,unknown,unknown,unknown,unknown,not_run,,,,,,,False,unknown,,,unknown,unknown
2026-07-02,United States,Bosnia-Herzegovina,unknown,unknown,unknown,unknown,unknown,unknown,unknown,unknown,unknown,unknown,unknown,not_run,,,,,,,False,unknown,,,unknown,unknown
2026-07-02,United States,Bosnia-Herzegovina,unknown,unknown,unknown,unknown,unknown,unknown,unknown,unknown,unknown,unknown,unknown,not_run,,,,,,,False,unknown,,,unknown,unknown
2026-07-03,Argentina,Cape Verde,unknown,unknown,No reported Argentina injuries. Sports Mole lists Argentina out: none and doubtful: none; Sportsgambler says no Argentina players are currently reported injured or suspended. AS reports Lionel Scaloni said Cristian Romero is basically fine/available if training goes well.,"Telmo Arcanjo is listed as doubtful with a muscle issue by Sports Mole. Sportsgambler lists no Cape Verde players currently reported injured or suspended, so other Cape Verde injury information is unknown.",No reported Argentina suspensions. Sportsgambler states no Argentina players are currently reported injured or suspended.,No reported Cape Verde suspensions. Sportsgambler states no Cape Verde players are currently reported injured or suspended.,"Argentina predicted XI, 4-4-2: Emiliano Martinez; Nahuel Molina, Cristian Romero, Lisandro Martinez, Facundo Medina; Rodrigo De Paul, Alexis Mac Allister, Enzo Fernandez, Thiago Almada; Lionel Messi, Lautaro Martinez.","Cape Verde predicted XI, 4-1-4-1: Vozinha; Steven Moreira, Roberto Lopes/Pico, Diney Borges, Sidny Lopes Cabral; Kevin Lenini; Ryan Mendes, Deroy Duarte, Jamiro Monteiro, Jovane Cabral; Dailon Rocha Livramento. Sources differ between Roberto Lopes and Pico in central defence.","Lionel Scaloni warned Argentina not to treat Cape Verde as an easy opponent, saying they are unbeaten, not in the knockout stage by chance, defend well, close inside channels, and counter-attack well. He also said Messi's minutes would depend on match context and how Messi feels.","Cape Verde coach Bubista said Cape Verde earned their place on merit, have nothing to fear, see the Argentina match as the match of their lives, and are focused on trying to advance past the round.",openai,ok,True,200.0,,web_search_status=missing,False,True,True,https://www.sportsmole.co.uk/football/argentina/world-cup-2026/team-news/argentina-vs-cape-verde-injury-suspension-lists-predicted-xis_600508.html; https://www.sportsgambler.com/betting-tips/football/argentina-vs-cape-verde-prediction-lineups-odds-2026-07-03/; https://english.ahram.org.eg/WorldCup2026/Article/572138; https://english.ahram.org.eg/WorldCup2026/Article/572143; https://www.thestar.com.my/sport/football/2026/07/03/soccer-scaloni-wary-of-world-cup-surprise-package-cape-verde-despite-argentina039s-form; https://as.com/futbol/mundial/scaloni-messi-estara-bien-si-se-alarga-todo-f202607-n/,https://www.sportsmole.co.uk/football/argentina/world-cup-2026/team-news/argentina-vs-cape-verde-injury-suspension-lists-predicted-xis_600508.html; https://www.sportsgambler.com/betting-tips/football/argentina-vs-cape-verde-prediction-lineups-odds-2026-07-03/; https://english.ahram.org.eg/WorldCup2026/Article/572138; https://english.ahram.org.eg/WorldCup2026/Article/572143; https://www.thestar.com.my/sport/football/2026/07/03/soccer-scaloni-wary-of-world-cup-surprise-package-cape-verde-despite-argentina039s-form; https://as.com/futbol/mundial/scaloni-messi-estara-bien-si-se-alarga-todo-f202607-n/,"{""injuries_home"":""No reported Argentina injuries. Sports Mole lists Argentina out: none and doubtful: none; Sportsgambler says no Argentina players are currently reported injured or suspended. AS reports Lionel Scaloni said Cristian Romero is basically fine/available if training goes well."",""injuries_away"":""Telmo Arcanjo is listed as doubtful with a muscle issue by Sports Mole. Sportsgambler lists no Cape Verde players currently reported injured or suspended, so other Cape Verde injury information is unknown."",""suspensions_home"":""No reported Argentina suspensions. Sportsgambler states no Argentina players are currently reported injured or suspended."",""suspensions_away"":""No reported Cape Verde suspensions. Sportsgambler states no Cape Verde players are currently reported injured or suspended."",""expected_lineup_home"":""Argentina predicted XI, 4-4-2: Emiliano Martinez; Nahuel Molina, Cristian Romero, Lisandro Martinez, Facundo Medina; Rodrigo De Paul, Alexis Mac Allister, Enzo Fernandez, Thiago Almada; Lionel Messi, Lautaro Martinez."",""expected_lineup_away"":""Cape Verde predicted XI, 4-1-4-1: Vozinha; Steven Moreira, Roberto Lopes/Pico, Diney Borges, Sidny Lopes Cabral; Kevin Lenini; Ryan Mendes, Deroy Duarte, Jamiro Monteiro, Jovane Cabral; Dailon Rocha Livramento. Sources differ between Roberto Lopes and Pico in central defence."",""coach_comments_home"":""Lionel Scaloni warned Argentina not to treat Cape Verde as an easy opponent, saying they are unbeaten, not in the knockout stage by chance, defend well, close inside channels, and counter-attack well. He also said Messi's minutes would depend on match context and how Messi feels."",""coach_comments_away"":""Cape Verde coach Bubista said Cape Verde earned their place on merit, have nothing to fear, see the Argentina match as the match of their lives, and are focused on trying to advance past the round."",""source_urls"":[""https://www.sportsmole.co.uk/football/argentina/world-cup-2026/team-news/argentina-vs-cape-verde-injury-suspension-lists-predicted-xis_600508.html"",""https://www.sportsgambler.com/betting-tips/football/argentina-vs-cape-verde-prediction-lineups-odds-2026-07-03/"",""https://english.ahram.org.eg/WorldCup2026/Article/572138"",""https://english.ahram.org.eg/WorldCup2026/Article/572143"",""https://www.thestar.com.my/sport/football/2026/07/03/soccer-scaloni-wary-of-world-cup-surprise-package-cape-verde-despite-argentina039s-form"",""https://as.com/futbol/mundial/scaloni-messi-estara-bien-si-se-alarga-todo-f202607-n/""],""confidence"":0.74}",0.74,2026-07-03T08:18:23.074194+00:00
2026-07-03,Argentina,Cape Verde,unknown,unknown,No reported Argentina injuries. Sports Mole lists Argentina out: none and doubtful: none; Sportsgambler says no Argentina players are currently reported injured or suspended. AS reports Lionel Scaloni said Cristian Romero is basically fine/available if training goes well.,"Telmo Arcanjo is listed as doubtful with a muscle issue by Sports Mole. Sportsgambler lists no Cape Verde players currently reported injured or suspended, so other Cape Verde injury information is unknown.",No reported Argentina suspensions. Sportsgambler states no Argentina players are currently reported injured or suspended.,No reported Cape Verde suspensions. Sportsgambler states no Cape Verde players are currently reported injured or suspended.,"Argentina predicted XI, 4-4-2: Emiliano Martinez; Nahuel Molina, Cristian Romero, Lisandro Martinez, Facundo Medina; Rodrigo De Paul, Alexis Mac Allister, Enzo Fernandez, Thiago Almada; Lionel Messi, Lautaro Martinez.","Cape Verde predicted XI, 4-1-4-1: Vozinha; Steven Moreira, Roberto Lopes/Pico, Diney Borges, Sidny Lopes Cabral; Kevin Lenini; Ryan Mendes, Deroy Duarte, Jamiro Monteiro, Jovane Cabral; Dailon Rocha Livramento. Sources differ between Roberto Lopes and Pico in central defence.","Lionel Scaloni warned Argentina not to treat Cape Verde as an easy opponent, saying they are unbeaten, not in the knockout stage by chance, defend well, close inside channels, and counter-attack well. He also said Messi's minutes would depend on match context and how Messi feels.","Cape Verde coach Bubista said Cape Verde earned their place on merit, have nothing to fear, see the Argentina match as the match of their lives, and are focused on trying to advance past the round.",openai,ok,,,,,,,True,https://www.sportsmole.co.uk/football/argentina/world-cup-2026/team-news/argentina-vs-cape-verde-injury-suspension-lists-predicted-xis_600508.html; https://www.sportsgambler.com/betting-tips/football/argentina-vs-cape-verde-prediction-lineups-odds-2026-07-03/; https://english.ahram.org.eg/WorldCup2026/Article/572138; https://english.ahram.org.eg/WorldCup2026/Article/572143; https://www.thestar.com.my/sport/football/2026/07/03/soccer-scaloni-wary-of-world-cup-surprise-package-cape-verde-despite-argentina039s-form; https://as.com/futbol/mundial/scaloni-messi-estara-bien-si-se-alarga-todo-f202607-n/,,,0.74,2026-07-03T08:18:23.074194+00:00
2026-07-03,Argentina,Cape Verde,unknown,unknown,No reported Argentina injuries. Sports Mole lists Argentina out: none and doubtful: none; Sportsgambler says no Argentina players are currently reported injured or suspended. AS reports Lionel Scaloni said Cristian Romero is basically fine/available if training goes well.,"Telmo Arcanjo is listed as doubtful with a muscle issue by Sports Mole. Sportsgambler lists no Cape Verde players currently reported injured or suspended, so other Cape Verde injury information is unknown.",No reported Argentina suspensions. Sportsgambler states no Argentina players are currently reported injured or suspended.,No reported Cape Verde suspensions. Sportsgambler states no Cape Verde players are currently reported injured or suspended.,"Argentina predicted XI, 4-4-2: Emiliano Martinez; Nahuel Molina, Cristian Romero, Lisandro Martinez, Facundo Medina; Rodrigo De Paul, Alexis Mac Allister, Enzo Fernandez, Thiago Almada; Lionel Messi, Lautaro Martinez.","Cape Verde predicted XI, 4-1-4-1: Vozinha; Steven Moreira, Roberto Lopes/Pico, Diney Borges, Sidny Lopes Cabral; Kevin Lenini; Ryan Mendes, Deroy Duarte, Jamiro Monteiro, Jovane Cabral; Dailon Rocha Livramento. Sources differ between Roberto Lopes and Pico in central defence.","Lionel Scaloni warned Argentina not to treat Cape Verde as an easy opponent, saying they are unbeaten, not in the knockout stage by chance, defend well, close inside channels, and counter-attack well. He also said Messi's minutes would depend on match context and how Messi feels.","Cape Verde coach Bubista said Cape Verde earned their place on merit, have nothing to fear, see the Argentina match as the match of their lives, and are focused on trying to advance past the round.",openai,ok,,,,,,,True,https://www.sportsmole.co.uk/football/argentina/world-cup-2026/team-news/argentina-vs-cape-verde-injury-suspension-lists-predicted-xis_600508.html; https://www.sportsgambler.com/betting-tips/football/argentina-vs-cape-verde-prediction-lineups-odds-2026-07-03/; https://english.ahram.org.eg/WorldCup2026/Article/572138; https://english.ahram.org.eg/WorldCup2026/Article/572143; https://www.thestar.com.my/sport/football/2026/07/03/soccer-scaloni-wary-of-world-cup-surprise-package-cape-verde-despite-argentina039s-form; https://as.com/futbol/mundial/scaloni-messi-estara-bien-si-se-alarga-todo-f202607-n/,,,0.74,2026-07-03T08:18:23.074194+00:00
2026-07-03,Argentina,Cape Verde,unknown,unknown,No reported Argentina injuries. Sports Mole lists Argentina out: none and doubtful: none; Sportsgambler says no Argentina players are currently reported injured or suspended. AS reports Lionel Scaloni said Cristian Romero is basically fine/available if training goes well.,"Telmo Arcanjo is listed as doubtful with a muscle issue by Sports Mole. Sportsgambler lists no Cape Verde players currently reported injured or suspended, so other Cape Verde injury information is unknown.",No reported Argentina suspensions. Sportsgambler states no Argentina players are currently reported injured or suspended.,No reported Cape Verde suspensions. Sportsgambler states no Cape Verde players are currently reported injured or suspended.,"Argentina predicted XI, 4-4-2: Emiliano Martinez; Nahuel Molina, Cristian Romero, Lisandro Martinez, Facundo Medina; Rodrigo De Paul, Alexis Mac Allister, Enzo Fernandez, Thiago Almada; Lionel Messi, Lautaro Martinez.","Cape Verde predicted XI, 4-1-4-1: Vozinha; Steven Moreira, Roberto Lopes/Pico, Diney Borges, Sidny Lopes Cabral; Kevin Lenini; Ryan Mendes, Deroy Duarte, Jamiro Monteiro, Jovane Cabral; Dailon Rocha Livramento. Sources differ between Roberto Lopes and Pico in central defence.","Lionel Scaloni warned Argentina not to treat Cape Verde as an easy opponent, saying they are unbeaten, not in the knockout stage by chance, defend well, close inside channels, and counter-attack well. He also said Messi's minutes would depend on match context and how Messi feels.","Cape Verde coach Bubista said Cape Verde earned their place on merit, have nothing to fear, see the Argentina match as the match of their lives, and are focused on trying to advance past the round.",openai,ok,,,,,,,True,https://www.sportsmole.co.uk/football/argentina/world-cup-2026/team-news/argentina-vs-cape-verde-injury-suspension-lists-predicted-xis_600508.html; https://www.sportsgambler.com/betting-tips/football/argentina-vs-cape-verde-prediction-lineups-odds-2026-07-03/; https://english.ahram.org.eg/WorldCup2026/Article/572138; https://english.ahram.org.eg/WorldCup2026/Article/572143; https://www.thestar.com.my/sport/football/2026/07/03/soccer-scaloni-wary-of-world-cup-surprise-package-cape-verde-despite-argentina039s-form; https://as.com/futbol/mundial/scaloni-messi-estara-bien-si-se-alarga-todo-f202607-n/,,,0.74,2026-07-03T08:18:23.074194+00:00
2026-07-03,Australia,Egypt,unknown,unknown,Mathew Leckie and Jacob Italiano have left the Australia squad after hamstring and adductor injuries respectively; Socceroos reported no further Australia injury concerns.,"Mohamed Salah had hamstring fatigue/strain but was reported available, with Hossam Hassan saying he would not risk him unless fully fit. Ahmed Fatouh has a hamstring tear and Mohamed Abdelmonem has ankle bruising/injury. Other Egypt injury doubts are not treated as confirmed here.",No Australia suspensions clearly reported in the sources used.,Mohanad Lasheen is suspended after picking up a milestone yellow card against Iran.,"Possible Australia lineup: Patrick Beach; Alessandro Circati, Harry Souttar, Lucas Herrington; Jordan Bos, Aiden O'Neill, Jackson Irvine, Aziz Behich; Cristian Volpato, Nestory Irankunda, Connor Metcalfe.","Possible Egypt lineup: Mostafa Shobeir; Mohamed Hany, Yasser Ibrahim, Rami Rabia, Karim Hafez; Marwan Ateya, Mahmoud Saber; Mostafa Ziko, Mohamed Salah, Emam Ashour; Omar Marmoush.","Tony Popovic said Australia had prepared for both scenarios regarding Mohamed Salah playing or not playing, and said Australia have another chance to show they deserve to be at this stage.",Hossam Hassan said Salah is available but will not be risked unless fully capable of playing; he also said Egypt have confidence in the squad despite Mohanad Lasheen's suspension and injuries to Ahmed Fatouh and Mohamed Abdelmonem.,openai,ok,True,200.0,,web_search_status=missing,False,True,True,https://socceroos.com.au/news/match-preview-australia-v-egypt-fifa-world-cup-2026tm-round-32; https://www.fifa.com/en/articles/egypt-injury-worries-australia-mohamed-salah; https://english.ahram.org.eg/WorldCup2026/Article/572140; https://www.sportsmole.co.uk/football/australia/world-cup-2026/preview/australia-vs-egypt-prediction-team-news-lineups_600483.html; https://www.beinsports.com/en-us/soccer/fifa-world-cup-2026/articles/the-possible-lineup-of-australia-to-face-egypt-in-the-fifa-world-cup-2026-2026-07-02?JylI=dv4; https://www.sportsgambler.com/injuries/football/fifa-world-cup/,https://socceroos.com.au/news/match-preview-australia-v-egypt-fifa-world-cup-2026tm-round-32; https://www.fifa.com/en/articles/egypt-injury-worries-australia-mohamed-salah; https://english.ahram.org.eg/WorldCup2026/Article/572140; https://www.sportsmole.co.uk/football/australia/world-cup-2026/preview/australia-vs-egypt-prediction-team-news-lineups_600483.html; https://www.beinsports.com/en-us/soccer/fifa-world-cup-2026/articles/the-possible-lineup-of-australia-to-face-egypt-in-the-fifa-world-cup-2026-2026-07-02?JylI=dv4; https://www.sportsgambler.com/injuries/football/fifa-world-cup/,"{""injuries_home"":""Mathew Leckie and Jacob Italiano have left the Australia squad after hamstring and adductor injuries respectively; Socceroos reported no further Australia injury concerns."",""injuries_away"":""Mohamed Salah had hamstring fatigue/strain but was reported available, with Hossam Hassan saying he would not risk him unless fully fit. Ahmed Fatouh has a hamstring tear and Mohamed Abdelmonem has ankle bruising/injury. Other Egypt injury doubts are not treated as confirmed here."",""suspensions_home"":""No Australia suspensions clearly reported in the sources used."",""suspensions_away"":""Mohanad Lasheen is suspended after picking up a milestone yellow card against Iran."",""expected_lineup_home"":""Possible Australia lineup: Patrick Beach; Alessandro Circati, Harry Souttar, Lucas Herrington; Jordan Bos, Aiden O'Neill, Jackson Irvine, Aziz Behich; Cristian Volpato, Nestory Irankunda, Connor Metcalfe."",""expected_lineup_away"":""Possible Egypt lineup: Mostafa Shobeir; Mohamed Hany, Yasser Ibrahim, Rami Rabia, Karim Hafez; Marwan Ateya, Mahmoud Saber; Mostafa Ziko, Mohamed Salah, Emam Ashour; Omar Marmoush."",""coach_comments_home"":""Tony Popovic said Australia had prepared for both scenarios regarding Mohamed Salah playing or not playing, and said Australia have another chance to show they deserve to be at this stage."",""coach_comments_away"":""Hossam Hassan said Salah is available but will not be risked unless fully capable of playing; he also said Egypt have confidence in the squad despite Mohanad Lasheen's suspension and injuries to Ahmed Fatouh and Mohamed Abdelmonem."",""source_urls"":[""https://socceroos.com.au/news/match-preview-australia-v-egypt-fifa-world-cup-2026tm-round-32"",""https://www.fifa.com/en/articles/egypt-injury-worries-australia-mohamed-salah"",""https://english.ahram.org.eg/WorldCup2026/Article/572140"",""https://www.sportsmole.co.uk/football/australia/world-cup-2026/preview/australia-vs-egypt-prediction-team-news-lineups_600483.html"",""https://www.beinsports.com/en-us/soccer/fifa-world-cup-2026/articles/the-possible-lineup-of-australia-to-face-egypt-in-the-fifa-world-cup-2026-2026-07-02?JylI=dv4"",""https://www.sportsgambler.com/injuries/football/fifa-world-cup/""],""confidence"":0.78}",0.78,2026-07-03T08:17:24.441118+00:00
2026-07-03,Australia,Egypt,unknown,unknown,Mathew Leckie and Jacob Italiano are reported unavailable/ruled out for Australia; reports cite Leckie hamstring issue and Italiano adductor/muscle injury.,"Mohamed Salah had hamstring fatigue/strain against Iran but returned to training and was reported available, with his start uncertain. Ahmed Fatouh is reported injured with a hamstring tear. Mohamed Abdelmonem is reported an injury doubt with an ankle issue/severe bruising. Hossam Abdelmaguid and Hamdy Fathy were also described by Sports Illustrated as doubts, though Football365 said Abdelmaguid should return and Fathy was back in training.",unknown,Mohanad Lasheen is reported suspended for one match after two yellow cards in the group stage.,"Australia expected/projected lineup: Patrick Beach; Alessandro Circati, Harry Souttar, Lucas Herrington; Jordan Bos, Jackson Irvine, Aiden O'Neill, Aziz Behich; Cristian Volpato, Connor Metcalfe; Nestory Irankunda.","Egypt expected/projected lineup: Mostafa Ahmed Shobeir; Mohamed Hany, Yasser Ibrahim, Rami Rabia or Hamdi Fathi, Karim Hafez; Marwan Ateya, Mahmoud Saber; Mostafa Ziko, Mohamed Salah, Emam Ashour or Trezeguet; Omar Marmoush. Sources differ on one centre-back/attacking-midfield slot.","Tony Popovic said Australia had prepared for both scenarios regarding Salah playing or not playing, and said Australia felt relaxed, confident and prepared. He also said the team must stay in the moment because history is made after the game.","Hossam Hassan said Salah is available but would not be risked unless fully capable of playing. He said Egypt have confidence in the squad despite Lasheen's suspension and injuries, and described Australia as well-organized, fast and dangerous on set pieces.",openai,ok,,,,,,,True,https://www.theguardian.com/football/2026/jul/03/egypt-mo-salah-fit-to-play-australia-socceroos-after-injury; https://english.ahram.org.eg/WorldCup2026/Article/572140; https://www.football365.com/match-preview/australia-v-egypt-prediction-preview; https://www.si.com/soccer/australia-vs-egypt-world-cup-preview-predictions-lineups-7-3-26; https://www.sportsgambler.com/betting-tips/football/australia-vs-egypt-prediction-lineups-odds-2026-07-03/; https://www.covers.com/world-cup/australia-vs-egypt-prediction-picks-odds-friday-7-3-2026; https://www.abc.net.au/news/2026-07-03/embrace-the-occasion-but-play-the-moments/106874982; https://www.goal.com/en-us/news/watch-australia-v-egypt-live-stream-online-tv-channel/blt763cb5bafd3bf11b; https://www.thestar.com.my/sport/football/2026/07/03/soccer-impatient-popovic-confident-australia-can-make-history-against-egypt,,,0.82,2026-07-03T07:47:18.721685+00:00
2026-07-03,Australia,Egypt,unknown,unknown,Mathew Leckie and Jacob Italiano have left the Australia squad after hamstring and adductor injuries respectively; Socceroos reported no further Australia injury concerns.,"Mohamed Salah had hamstring fatigue/strain but was reported available, with Hossam Hassan saying he would not risk him unless fully fit. Ahmed Fatouh has a hamstring tear and Mohamed Abdelmonem has ankle bruising/injury. Other Egypt injury doubts are not treated as confirmed here.",No Australia suspensions clearly reported in the sources used.,Mohanad Lasheen is suspended after picking up a milestone yellow card against Iran.,"Possible Australia lineup: Patrick Beach; Alessandro Circati, Harry Souttar, Lucas Herrington; Jordan Bos, Aiden O'Neill, Jackson Irvine, Aziz Behich; Cristian Volpato, Nestory Irankunda, Connor Metcalfe.","Possible Egypt lineup: Mostafa Shobeir; Mohamed Hany, Yasser Ibrahim, Rami Rabia, Karim Hafez; Marwan Ateya, Mahmoud Saber; Mostafa Ziko, Mohamed Salah, Emam Ashour; Omar Marmoush.","Tony Popovic said Australia had prepared for both scenarios regarding Mohamed Salah playing or not playing, and said Australia have another chance to show they deserve to be at this stage.",Hossam Hassan said Salah is available but will not be risked unless fully capable of playing; he also said Egypt have confidence in the squad despite Mohanad Lasheen's suspension and injuries to Ahmed Fatouh and Mohamed Abdelmonem.,openai,ok,,,,,,,True,https://socceroos.com.au/news/match-preview-australia-v-egypt-fifa-world-cup-2026tm-round-32; https://www.fifa.com/en/articles/egypt-injury-worries-australia-mohamed-salah; https://english.ahram.org.eg/WorldCup2026/Article/572140; https://www.sportsmole.co.uk/football/australia/world-cup-2026/preview/australia-vs-egypt-prediction-team-news-lineups_600483.html; https://www.beinsports.com/en-us/soccer/fifa-world-cup-2026/articles/the-possible-lineup-of-australia-to-face-egypt-in-the-fifa-world-cup-2026-2026-07-02?JylI=dv4; https://www.sportsgambler.com/injuries/football/fifa-world-cup/,,,0.78,2026-07-03T08:17:24.441118+00:00
2026-07-03,Australia,Egypt,unknown,unknown,Mathew Leckie and Jacob Italiano have left the Australia squad after hamstring and adductor injuries respectively; Socceroos reported no further Australia injury concerns.,"Mohamed Salah had hamstring fatigue/strain but was reported available, with Hossam Hassan saying he would not risk him unless fully fit. Ahmed Fatouh has a hamstring tear and Mohamed Abdelmonem has ankle bruising/injury. Other Egypt injury doubts are not treated as confirmed here.",No Australia suspensions clearly reported in the sources used.,Mohanad Lasheen is suspended after picking up a milestone yellow card against Iran.,"Possible Australia lineup: Patrick Beach; Alessandro Circati, Harry Souttar, Lucas Herrington; Jordan Bos, Aiden O'Neill, Jackson Irvine, Aziz Behich; Cristian Volpato, Nestory Irankunda, Connor Metcalfe.","Possible Egypt lineup: Mostafa Shobeir; Mohamed Hany, Yasser Ibrahim, Rami Rabia, Karim Hafez; Marwan Ateya, Mahmoud Saber; Mostafa Ziko, Mohamed Salah, Emam Ashour; Omar Marmoush.","Tony Popovic said Australia had prepared for both scenarios regarding Mohamed Salah playing or not playing, and said Australia have another chance to show they deserve to be at this stage.",Hossam Hassan said Salah is available but will not be risked unless fully capable of playing; he also said Egypt have confidence in the squad despite Mohanad Lasheen's suspension and injuries to Ahmed Fatouh and Mohamed Abdelmonem.,openai,ok,,,,,,,True,https://socceroos.com.au/news/match-preview-australia-v-egypt-fifa-world-cup-2026tm-round-32; https://www.fifa.com/en/articles/egypt-injury-worries-australia-mohamed-salah; https://english.ahram.org.eg/WorldCup2026/Article/572140; https://www.sportsmole.co.uk/football/australia/world-cup-2026/preview/australia-vs-egypt-prediction-team-news-lineups_600483.html; https://www.beinsports.com/en-us/soccer/fifa-world-cup-2026/articles/the-possible-lineup-of-australia-to-face-egypt-in-the-fifa-world-cup-2026-2026-07-02?JylI=dv4; https://www.sportsgambler.com/injuries/football/fifa-world-cup/,,,0.78,2026-07-03T08:17:24.441118+00:00
2026-07-03,Australia,Egypt,unknown,unknown,Mathew Leckie and Jacob Italiano have left the Australia squad after hamstring and adductor injuries respectively; Socceroos reported no further Australia injury concerns.,"Mohamed Salah had hamstring fatigue/strain but was reported available, with Hossam Hassan saying he would not risk him unless fully fit. Ahmed Fatouh has a hamstring tear and Mohamed Abdelmonem has ankle bruising/injury. Other Egypt injury doubts are not treated as confirmed here.",No Australia suspensions clearly reported in the sources used.,Mohanad Lasheen is suspended after picking up a milestone yellow card against Iran.,"Possible Australia lineup: Patrick Beach; Alessandro Circati, Harry Souttar, Lucas Herrington; Jordan Bos, Aiden O'Neill, Jackson Irvine, Aziz Behich; Cristian Volpato, Nestory Irankunda, Connor Metcalfe.","Possible Egypt lineup: Mostafa Shobeir; Mohamed Hany, Yasser Ibrahim, Rami Rabia, Karim Hafez; Marwan Ateya, Mahmoud Saber; Mostafa Ziko, Mohamed Salah, Emam Ashour; Omar Marmoush.","Tony Popovic said Australia had prepared for both scenarios regarding Mohamed Salah playing or not playing, and said Australia have another chance to show they deserve to be at this stage.",Hossam Hassan said Salah is available but will not be risked unless fully capable of playing; he also said Egypt have confidence in the squad despite Mohanad Lasheen's suspension and injuries to Ahmed Fatouh and Mohamed Abdelmonem.,openai,ok,,,,,,,True,https://socceroos.com.au/news/match-preview-australia-v-egypt-fifa-world-cup-2026tm-round-32; https://www.fifa.com/en/articles/egypt-injury-worries-australia-mohamed-salah; https://english.ahram.org.eg/WorldCup2026/Article/572140; https://www.sportsmole.co.uk/football/australia/world-cup-2026/preview/australia-vs-egypt-prediction-team-news-lineups_600483.html; https://www.beinsports.com/en-us/soccer/fifa-world-cup-2026/articles/the-possible-lineup-of-australia-to-face-egypt-in-the-fifa-world-cup-2026-2026-07-02?JylI=dv4; https://www.sportsgambler.com/injuries/football/fifa-world-cup/,,,0.78,2026-07-03T08:17:24.441118+00:00
2026-07-03,Switzerland,Algeria,unknown,unknown,"Luca Jaquez was reported out of the Round of 32 match with a muscle injury; earlier pre-match reports also listed Silvan Widmer as a doubt with hip discomfort, but Widmer was later named among Switzerland's substitutes.",Mohamed Amoura was reported still out with a thigh injury; other previews described him as a serious doubt or ruled out.,unknown,unknown,"Confirmed Switzerland XI: Kobel; Zakaria, Elvedi, Akanji; Rodriguez, Xhaka, Freuler, Ndoye; Manzambi, Vargas; Embolo.","Confirmed Algeria XI: Zidane; Belghali, Mandi, Bensebaini, Ait-Nouri; Zerrouki, Bentaleb; Mahrez, Aouar, Chaibi; Maza.","Murat Yakin said Switzerland needed to respect every opponent, expected a difficult match, and stressed creating and converting chances with conviction and quality.","Vladimir Petkovic said Algeria had used Plans A and B in the group stage, might use Plan C against Switzerland, and that despite being Swiss his country for the match would be Algeria.",openai,ok,True,200.0,,web_search_status=missing,False,True,True,https://www.sportsmole.co.uk/football/switzerland/world-cup-2026/team-news/switzerland-vs-algeria-injury-suspension-list-predicted-xis_600443.html; https://www.sportsmole.co.uk/football/switzerland/world-cup-2026/preview/switzerland-vs-algeria-prediction-team-news-lineups_600371.html; https://bulinews.com/news/36109/switzerland-algeria; https://www.skysports.com/football/switzerland-vs-algeria/teams/549848; https://www.nau.ch/sport/fussball/wm-2026-murat-yakin-am-schluss-liegt-es-an-uns-67144694; https://m.elbotola.com/en/article/2026-07-02-16-29-650.html; https://www.livemint.com/sports/football-news/switzerland-vs-algeria-how-to-watch-fifa-world-cup-2026-round-of-32-tie-head-to-head-match-predictions/amp-11783021400145.html,https://www.sportsmole.co.uk/football/switzerland/world-cup-2026/team-news/switzerland-vs-algeria-injury-suspension-list-predicted-xis_600443.html; https://www.sportsmole.co.uk/football/switzerland/world-cup-2026/preview/switzerland-vs-algeria-prediction-team-news-lineups_600371.html; https://bulinews.com/news/36109/switzerland-algeria; https://www.skysports.com/football/switzerland-vs-algeria/teams/549848; https://www.nau.ch/sport/fussball/wm-2026-murat-yakin-am-schluss-liegt-es-an-uns-67144694; https://m.elbotola.com/en/article/2026-07-02-16-29-650.html; https://www.livemint.com/sports/football-news/switzerland-vs-algeria-how-to-watch-fifa-world-cup-2026-round-of-32-tie-head-to-head-match-predictions/amp-11783021400145.html,"{
  ""injuries_home"": ""Luca Jaquez was reported out of the Round of 32 match with a muscle injury; earlier pre-match reports also listed Silvan Widmer as a doubt with hip discomfort, but Widmer was later named among Switzerland's substitutes."",
  ""injuries_away"": ""Mohamed Amoura was reported still out with a thigh injury; other previews described him as a serious doubt or ruled out."",
  ""suspensions_home"": ""unknown"",
  ""suspensions_away"": ""unknown"",
  ""expected_lineup_home"": ""Confirmed Switzerland XI: Kobel; Zakaria, Elvedi, Akanji; Rodriguez, Xhaka, Freuler, Ndoye; Manzambi, Vargas; Embolo."",
  ""expected_lineup_away"": ""Confirmed Algeria XI: Zidane; Belghali, Mandi, Bensebaini, Ait-Nouri; Zerrouki, Bentaleb; Mahrez, Aouar, Chaibi; Maza."",
  ""coach_comments_home"": ""Murat Yakin said Switzerland needed to respect every opponent, expected a difficult match, and stressed creating and converting chances with conviction and quality."",
  ""coach_comments_away"": ""Vladimir Petkovic said Algeria had used Plans A and B in the group stage, might use Plan C against Switzerland, and that despite being Swiss his country for the match would be Algeria."",
  ""source_urls"": [
    ""https://www.sportsmole.co.uk/football/switzerland/world-cup-2026/team-news/switzerland-vs-algeria-injury-suspension-list-predicted-xis_600443.html"",
    ""https://www.sportsmole.co.uk/football/switzerland/world-cup-2026/preview/switzerland-vs-algeria-prediction-team-news-lineups_600371.html"",
    ""https://bulinews.com/news/36109/switzerland-algeria"",
    ""https://www.skysports.com/football/switzerland-vs-algeria/teams/549848"",
    ""https://www.nau.ch/sport/fussball/wm-2026-murat-yakin-am-schluss-liegt-es-an-uns-67144694"",
    ""https://m.elbotola.com/en/article/2026-07-02-16-29-650.html"",
    ""https://www.livemint.com/sports/football-news/switzerland-vs-algeria-how-to-watch-fifa-world-cup-2026-round-of-32-tie-head-to-head-match-predictions/amp-11783021400145.html""
  ],
  ""confidence"": 0.78
}",0.78,2026-07-03T08:16:30.466070+00:00
2026-07-03,Switzerland,Algeria,unknown,unknown,"Silvan Widmer was a fitness doubt with a hip issue; Sports Mole listed Switzerland 'Out: None' and 'Doubtful: Silvan Widmer (hip)'. Blick also reported Widmer had missed team training with a hip problem, Gregor Kobel had shoulder discomfort but returned to training, and Miro Muheim was recovered.","Mohamed El Amine Amoura was a fitness doubt; Sports Mole listed Algeria 'Out: None' and 'Doubtful: Mohamed El Amine Amoura (unspecified)'. Football.fr reported Amoura had a thigh injury, had not resumed collective training, and had missed Algeria's previous two group matches.",unknown,unknown,"Confirmed XI: Gregor Kobel; Denis Zakaria, Nico Elvedi, Manuel Akanji, Ricardo Rodriguez; Dan Ndoye, Granit Xhaka, Remo Freuler; Ruben Vargas, Breel Embolo, Johan Manzambi.","Confirmed XI: Luca Zidane; Rafik Belghali, Aissa Mandi, Ramy Bensebaini, Rayan Ait-Nouri; Ramiz Zerrouki, Ibrahim Maza, Houssem Aouar, Nabil Bentaleb; Riyad Mahrez, Fares Chaibi.","Murat Yakin said Switzerland had to respect every opponent, expected a difficult game, and emphasized creating and converting chances with conviction and quality. He also described Algeria as an interesting opponent with individual quality.","Vladimir Petkovic said Algeria had received celebration photos and videos from home, hoped the travelling support would give the team positive energy, and said Algeria would give everything for them.",openai,ok,,,,,,,True,https://www.sportsmole.co.uk/football/switzerland/world-cup-2026/team-news/switzerland-vs-algeria-injury-suspension-list-predicted-xis_600443.html; https://www.blick.ch/fr/sport/football/coupe-du-monde/un-lateral-en-souffrance-une-incertitude-en-defense-pour-la-nati-avant-daffronter-lalgerie-id22067094.html; https://www.football.fr/coupe-du-monde-2026/coupe-du-monde-2026-enorme-inquietude-pour-lalgerie-avant-la-suisse-821486.html; https://www.oddschecker.com/insight/football/20260703-switzerland-vs-algeria-confirmed-lineups; https://www.theguardian.com/football/live/2026/jul/03/fifa-world-cup-2026-live-switzerland-v-algeria-updates-sui-vs-alg-last-round-32-match-score-latest; https://www.nau.ch/sport/fussball/wm-2026-murat-yakin-am-schluss-liegt-es-an-uns-67144694; https://www.blick.ch/fr/sport/football/coupe-du-monde/avant-suisse-algerie-murat-yakin-ce-sera-l-occasion-de-retrouver-vlado-id22065731.html; https://www.vavel.com/en/international-football/2026/07/02/1265008-petkovic-ready-to-lead-algeria-against-former-side.html,,,0.78,2026-07-03T07:46:06.256612+00:00
2026-07-03,Switzerland,Algeria,unknown,unknown,"Silvan Widmer was a fitness doubt with a hip issue; Sports Mole listed Switzerland 'Out: None' and 'Doubtful: Silvan Widmer (hip)'. Blick also reported Widmer had missed team training with a hip problem, Gregor Kobel had shoulder discomfort but returned to training, and Miro Muheim was recovered.","Mohamed El Amine Amoura was a fitness doubt; Sports Mole listed Algeria 'Out: None' and 'Doubtful: Mohamed El Amine Amoura (unspecified)'. Football.fr reported Amoura had a thigh injury, had not resumed collective training, and had missed Algeria's previous two group matches.",unknown,unknown,"Confirmed XI: Gregor Kobel; Denis Zakaria, Nico Elvedi, Manuel Akanji, Ricardo Rodriguez; Dan Ndoye, Granit Xhaka, Remo Freuler; Ruben Vargas, Breel Embolo, Johan Manzambi.","Confirmed XI: Luca Zidane; Rafik Belghali, Aissa Mandi, Ramy Bensebaini, Rayan Ait-Nouri; Ramiz Zerrouki, Ibrahim Maza, Houssem Aouar, Nabil Bentaleb; Riyad Mahrez, Fares Chaibi.","Murat Yakin said Switzerland had to respect every opponent, expected a difficult game, and emphasized creating and converting chances with conviction and quality. He also described Algeria as an interesting opponent with individual quality.","Vladimir Petkovic said Algeria had received celebration photos and videos from home, hoped the travelling support would give the team positive energy, and said Algeria would give everything for them.",openai,ok,,,,,,,True,https://www.sportsmole.co.uk/football/switzerland/world-cup-2026/team-news/switzerland-vs-algeria-injury-suspension-list-predicted-xis_600443.html; https://www.blick.ch/fr/sport/football/coupe-du-monde/un-lateral-en-souffrance-une-incertitude-en-defense-pour-la-nati-avant-daffronter-lalgerie-id22067094.html; https://www.football.fr/coupe-du-monde-2026/coupe-du-monde-2026-enorme-inquietude-pour-lalgerie-avant-la-suisse-821486.html; https://www.oddschecker.com/insight/football/20260703-switzerland-vs-algeria-confirmed-lineups; https://www.theguardian.com/football/live/2026/jul/03/fifa-world-cup-2026-live-switzerland-v-algeria-updates-sui-vs-alg-last-round-32-match-score-latest; https://www.nau.ch/sport/fussball/wm-2026-murat-yakin-am-schluss-liegt-es-an-uns-67144694; https://www.blick.ch/fr/sport/football/coupe-du-monde/avant-suisse-algerie-murat-yakin-ce-sera-l-occasion-de-retrouver-vlado-id22065731.html; https://www.vavel.com/en/international-football/2026/07/02/1265008-petkovic-ready-to-lead-algeria-against-former-side.html,,,0.78,2026-07-03T07:46:06.256612+00:00
2026-07-03,Switzerland,Algeria,unknown,unknown,"Luca Jaquez was reported out of the Round of 32 match with a muscle injury; earlier pre-match reports also listed Silvan Widmer as a doubt with hip discomfort, but Widmer was later named among Switzerland's substitutes.",Mohamed Amoura was reported still out with a thigh injury; other previews described him as a serious doubt or ruled out.,unknown,unknown,"Confirmed Switzerland XI: Kobel; Zakaria, Elvedi, Akanji; Rodriguez, Xhaka, Freuler, Ndoye; Manzambi, Vargas; Embolo.","Confirmed Algeria XI: Zidane; Belghali, Mandi, Bensebaini, Ait-Nouri; Zerrouki, Bentaleb; Mahrez, Aouar, Chaibi; Maza.","Murat Yakin said Switzerland needed to respect every opponent, expected a difficult match, and stressed creating and converting chances with conviction and quality.","Vladimir Petkovic said Algeria had used Plans A and B in the group stage, might use Plan C against Switzerland, and that despite being Swiss his country for the match would be Algeria.",openai,ok,,,,,,,True,https://www.sportsmole.co.uk/football/switzerland/world-cup-2026/team-news/switzerland-vs-algeria-injury-suspension-list-predicted-xis_600443.html; https://www.sportsmole.co.uk/football/switzerland/world-cup-2026/preview/switzerland-vs-algeria-prediction-team-news-lineups_600371.html; https://bulinews.com/news/36109/switzerland-algeria; https://www.skysports.com/football/switzerland-vs-algeria/teams/549848; https://www.nau.ch/sport/fussball/wm-2026-murat-yakin-am-schluss-liegt-es-an-uns-67144694; https://m.elbotola.com/en/article/2026-07-02-16-29-650.html; https://www.livemint.com/sports/football-news/switzerland-vs-algeria-how-to-watch-fifa-world-cup-2026-round-of-32-tie-head-to-head-match-predictions/amp-11783021400145.html,,,0.78,2026-07-03T08:16:30.466070+00:00
2026-07-03,Switzerland,Algeria,unknown,unknown,"Luca Jaquez was reported out of the Round of 32 match with a muscle injury; earlier pre-match reports also listed Silvan Widmer as a doubt with hip discomfort, but Widmer was later named among Switzerland's substitutes.",Mohamed Amoura was reported still out with a thigh injury; other previews described him as a serious doubt or ruled out.,unknown,unknown,"Confirmed Switzerland XI: Kobel; Zakaria, Elvedi, Akanji; Rodriguez, Xhaka, Freuler, Ndoye; Manzambi, Vargas; Embolo.","Confirmed Algeria XI: Zidane; Belghali, Mandi, Bensebaini, Ait-Nouri; Zerrouki, Bentaleb; Mahrez, Aouar, Chaibi; Maza.","Murat Yakin said Switzerland needed to respect every opponent, expected a difficult match, and stressed creating and converting chances with conviction and quality.","Vladimir Petkovic said Algeria had used Plans A and B in the group stage, might use Plan C against Switzerland, and that despite being Swiss his country for the match would be Algeria.",openai,ok,,,,,,,True,https://www.sportsmole.co.uk/football/switzerland/world-cup-2026/team-news/switzerland-vs-algeria-injury-suspension-list-predicted-xis_600443.html; https://www.sportsmole.co.uk/football/switzerland/world-cup-2026/preview/switzerland-vs-algeria-prediction-team-news-lineups_600371.html; https://bulinews.com/news/36109/switzerland-algeria; https://www.skysports.com/football/switzerland-vs-algeria/teams/549848; https://www.nau.ch/sport/fussball/wm-2026-murat-yakin-am-schluss-liegt-es-an-uns-67144694; https://m.elbotola.com/en/article/2026-07-02-16-29-650.html; https://www.livemint.com/sports/football-news/switzerland-vs-algeria-how-to-watch-fifa-world-cup-2026-round-of-32-tie-head-to-head-match-predictions/amp-11783021400145.html,,,0.78,2026-07-03T08:16:30.466070+00:00
2026-07-03,Switzerland,Algeria,unknown,unknown,"Luca Jaquez was reported out of the Round of 32 match with a muscle injury; earlier pre-match reports also listed Silvan Widmer as a doubt with hip discomfort, but Widmer was later named among Switzerland's substitutes.",Mohamed Amoura was reported still out with a thigh injury; other previews described him as a serious doubt or ruled out.,unknown,unknown,"Confirmed Switzerland XI: Kobel; Zakaria, Elvedi, Akanji; Rodriguez, Xhaka, Freuler, Ndoye; Manzambi, Vargas; Embolo.","Confirmed Algeria XI: Zidane; Belghali, Mandi, Bensebaini, Ait-Nouri; Zerrouki, Bentaleb; Mahrez, Aouar, Chaibi; Maza.","Murat Yakin said Switzerland needed to respect every opponent, expected a difficult match, and stressed creating and converting chances with conviction and quality.","Vladimir Petkovic said Algeria had used Plans A and B in the group stage, might use Plan C against Switzerland, and that despite being Swiss his country for the match would be Algeria.",openai,ok,,,,,,,True,https://www.sportsmole.co.uk/football/switzerland/world-cup-2026/team-news/switzerland-vs-algeria-injury-suspension-list-predicted-xis_600443.html; https://www.sportsmole.co.uk/football/switzerland/world-cup-2026/preview/switzerland-vs-algeria-prediction-team-news-lineups_600371.html; https://bulinews.com/news/36109/switzerland-algeria; https://www.skysports.com/football/switzerland-vs-algeria/teams/549848; https://www.nau.ch/sport/fussball/wm-2026-murat-yakin-am-schluss-liegt-es-an-uns-67144694; https://m.elbotola.com/en/article/2026-07-02-16-29-650.html; https://www.livemint.com/sports/football-news/switzerland-vs-algeria-how-to-watch-fifa-world-cup-2026-round-of-32-tie-head-to-head-match-predictions/amp-11783021400145.html,,,0.78,2026-07-03T08:16:30.466070+00:00
2026-07-04,Canada,Morocco,unknown,unknown,Ismael Kone out with a leg fracture and will miss the remainder of the World Cup; Alphonso Davies is returning from a hamstring injury and Jesse Marsch said Canada were deciding whether to use him from the start or off the bench.,Chadi Riad doubtful/fitness concern with a knock but reportedly returned to full training and was expected to be available barring a late setback; Nayef Aguerd and Abde Ezzalzouli were ruled out of Morocco's World Cup squad before the tournament because of injuries.,unknown,unknown,"Sports Mole predicted Canada XI: Crepeau; Johnston, Bombito, Cornelius, Laryea; Buchanan, Saliba, Eustaquio, Shaffelburg; David, Oluwaseyi.","Sports Mole predicted Morocco XI: Bono; Hakimi, Diop, Riad, Mazraoui; El Aynaoui, Bouaddi; Diaz, Ounahi, El Khannouss; Saibari.","Jesse Marsch said Canada would consider using Alphonso Davies either from the start or off the bench, said Canada would not change its identity but would use tactical nuances, and described preparing for Morocco as a difficult task because they are very strong.","Mohamed Ouahbi said Brahim Diaz is important defensively and offensively, that Morocco try to create organised chaos through mobility, and told his players Canada would be Morocco's most challenging World Cup match so far.",openai,ok,True,200.0,,web_search_status=missing,False,True,True,https://www.sportsmole.co.uk/football/morocco/world-cup-2026/team-news/canada-vs-morocco-injury-suspension-list-predicted-xis_600555.html; https://www.sportsmole.co.uk/football/canada/world-cup-2026/predicted-lineups/davies-or-no-davies-predicted-canada-xi-vs-morocco_600550.html; https://www.sportsmole.co.uk/football/morocco/world-cup-2026/predicted-lineups/will-riad-recover-in-time-predicted-morocco-xi-vs-canada_600553.html; https://www.the-independent.com/sport/football/ismael-kone-surgery-broken-leg-canada-world-cup-b2999412.html; https://supersport.com/football/news/ea4515b3-6de1-4a9c-a88e-fb6cd2d73f28/morocco-replace-injured-ezzalzouli-and-aguerd-for-world-cup; https://kfgo.com/2026/07/01/soccer-canada-weigh-davies-start-as-marsch-eyes-fitness-edge-over-morocco/; https://kfgo.com/2026/07/03/canada-hope-healthy-captain-alphonso-davies-can-help-shock-morocco/; https://www.nst.com.my/amp/sports/football/2026/07/1479923/moroccos-ouahbi-backs-diaz-spark-organised-chaos-against-canada,https://www.sportsmole.co.uk/football/morocco/world-cup-2026/team-news/canada-vs-morocco-injury-suspension-list-predicted-xis_600555.html; https://www.sportsmole.co.uk/football/canada/world-cup-2026/predicted-lineups/davies-or-no-davies-predicted-canada-xi-vs-morocco_600550.html; https://www.sportsmole.co.uk/football/morocco/world-cup-2026/predicted-lineups/will-riad-recover-in-time-predicted-morocco-xi-vs-canada_600553.html; https://www.the-independent.com/sport/football/ismael-kone-surgery-broken-leg-canada-world-cup-b2999412.html; https://supersport.com/football/news/ea4515b3-6de1-4a9c-a88e-fb6cd2d73f28/morocco-replace-injured-ezzalzouli-and-aguerd-for-world-cup; https://kfgo.com/2026/07/01/soccer-canada-weigh-davies-start-as-marsch-eyes-fitness-edge-over-morocco/; https://kfgo.com/2026/07/03/canada-hope-healthy-captain-alphonso-davies-can-help-shock-morocco/; https://www.nst.com.my/amp/sports/football/2026/07/1479923/moroccos-ouahbi-backs-diaz-spark-organised-chaos-against-canada,"{""injuries_home"":""Ismael Kone out with a leg fracture and will miss the remainder of the World Cup; Alphonso Davies is returning from a hamstring injury and Jesse Marsch said Canada were deciding whether to use him from the start or off the bench."",""injuries_away"":""Chadi Riad doubtful/fitness concern with a knock but reportedly returned to full training and was expected to be available barring a late setback; Nayef Aguerd and Abde Ezzalzouli were ruled out of Morocco's World Cup squad before the tournament because of injuries."",""suspensions_home"":""unknown"",""suspensions_away"":""unknown"",""expected_lineup_home"":""Sports Mole predicted Canada XI: Crepeau; Johnston, Bombito, Cornelius, Laryea; Buchanan, Saliba, Eustaquio, Shaffelburg; David, Oluwaseyi."",""expected_lineup_away"":""Sports Mole predicted Morocco XI: Bono; Hakimi, Diop, Riad, Mazraoui; El Aynaoui, Bouaddi; Diaz, Ounahi, El Khannouss; Saibari."",""coach_comments_home"":""Jesse Marsch said Canada would consider using Alphonso Davies either from the start or off the bench, said Canada would not change its identity but would use tactical nuances, and described preparing for Morocco as a difficult task because they are very strong."",""coach_comments_away"":""Mohamed Ouahbi said Brahim Diaz is important defensively and offensively, that Morocco try to create organised chaos through mobility, and told his players Canada would be Morocco's most challenging World Cup match so far."",""source_urls"":[""https://www.sportsmole.co.uk/football/morocco/world-cup-2026/team-news/canada-vs-morocco-injury-suspension-list-predicted-xis_600555.html"",""https://www.sportsmole.co.uk/football/canada/world-cup-2026/predicted-lineups/davies-or-no-davies-predicted-canada-xi-vs-morocco_600550.html"",""https://www.sportsmole.co.uk/football/morocco/world-cup-2026/predicted-lineups/will-riad-recover-in-time-predicted-morocco-xi-vs-canada_600553.html"",""https://www.the-independent.com/sport/football/ismael-kone-surgery-broken-leg-canada-world-cup-b2999412.html"",""https://supersport.com/football/news/ea4515b3-6de1-4a9c-a88e-fb6cd2d73f28/morocco-replace-injured-ezzalzouli-and-aguerd-for-world-cup"",""https://kfgo.com/2026/07/01/soccer-canada-weigh-davies-start-as-marsch-eyes-fitness-edge-over-morocco/"",""https://kfgo.com/2026/07/03/canada-hope-healthy-captain-alphonso-davies-can-help-shock-morocco/"",""https://www.nst.com.my/amp/sports/football/2026/07/1479923/moroccos-ouahbi-backs-diaz-spark-organised-chaos-against-canada""],""confidence"":0.78}",0.78,2026-07-04T08:32:04.630920+00:00
2026-07-04,Canada,Morocco,unknown,unknown,"Ismael Kone is out with a leg injury. Sports Mole also reported Canada had no other fitness concerns, with Alphonso Davies having returned from long injury absence as a substitute against South Africa.","Chadi Riad is a doubt/fitness concern after a knee knock against the Netherlands; Morocco coach Mohamed Ouahbi/Wahbi said it did not appear very serious, that Riad trained, and that only 100% fit players would play. Sports Mole listed Morocco's out list as none.",unknown,unknown,"Crepeau; Johnston, Bombito, Cornelius, Laryea; Buchanan, Saliba, Eustaquio, Shaffelburg; David, Oluwaseyi","Bono; Hakimi, Diop, Riad, Mazraoui; El Aynaoui, Bouaddi; Diaz, Ounahi, El Khannouss; Saibari","Jesse Marsch said the match was not about revenge for Canada's 2022 World Cup loss to Morocco, saying his focus was on preparing for Morocco's strengths and imposing Canada's style.","Mohamed Ouahbi/Wahbi said he would not respond to the Canada coach's comments about Morocco being favorites, that Morocco respects Canada, and that past performances would not be enough to win; he also said only fully fit players would play.",openai,ok,,,,,,,True,https://www.sportsmole.co.uk/football/morocco/world-cup-2026/team-news/canada-vs-morocco-injury-suspension-list-predicted-xis_600555.html; https://www.sportsmole.co.uk/football/canada/world-cup-2026/preview/canada-vs-morocco-prediction-team-news-lineups_600547.html; https://www.sportsmole.co.uk/football/morocco/world-cup-2026/predicted-lineups/will-riad-recover-in-time-predicted-morocco-xi-vs-canada_600553.html; https://www.beinsports.com/en-us/soccer/fifa-world-cup-2026/articles/morocco-s-predicted-lineup-to-face-canada-in-the-world-cup-2026-round-of-16-2026-07-04?app_v2=true%25252525252F%2Fquote; https://www.goal.com/en/news/canada-morocco-world-cup-preview/blt3bd9c5da356651a9; https://m.elbotola.com/en/article/2026-07-03-19-40-25.html; https://m.elbotola.com/en/article/2026-07-03-20-36-594.html; https://m.elbotola.com/en/article/2026-07-04-02-07-377.html; https://apnews.com/article/canada-south-africa-score-world-cup-704407e25c4ec253daaa2803996d58b0,,,0.72,2026-07-04T08:31:09.499152+00:00
2026-07-04,Canada,Morocco,unknown,unknown,"Ismael Kone is out with a leg injury. Sports Mole also reported Canada had no other fitness concerns, with Alphonso Davies having returned from long injury absence as a substitute against South Africa.","Chadi Riad is a doubt/fitness concern after a knee knock against the Netherlands; Morocco coach Mohamed Ouahbi/Wahbi said it did not appear very serious, that Riad trained, and that only 100% fit players would play. Sports Mole listed Morocco's out list as none.",unknown,unknown,"Crepeau; Johnston, Bombito, Cornelius, Laryea; Buchanan, Saliba, Eustaquio, Shaffelburg; David, Oluwaseyi","Bono; Hakimi, Diop, Riad, Mazraoui; El Aynaoui, Bouaddi; Diaz, Ounahi, El Khannouss; Saibari","Jesse Marsch said the match was not about revenge for Canada's 2022 World Cup loss to Morocco, saying his focus was on preparing for Morocco's strengths and imposing Canada's style.","Mohamed Ouahbi/Wahbi said he would not respond to the Canada coach's comments about Morocco being favorites, that Morocco respects Canada, and that past performances would not be enough to win; he also said only fully fit players would play.",openai,ok,,,,,,,True,https://www.sportsmole.co.uk/football/morocco/world-cup-2026/team-news/canada-vs-morocco-injury-suspension-list-predicted-xis_600555.html; https://www.sportsmole.co.uk/football/canada/world-cup-2026/preview/canada-vs-morocco-prediction-team-news-lineups_600547.html; https://www.sportsmole.co.uk/football/morocco/world-cup-2026/predicted-lineups/will-riad-recover-in-time-predicted-morocco-xi-vs-canada_600553.html; https://www.beinsports.com/en-us/soccer/fifa-world-cup-2026/articles/morocco-s-predicted-lineup-to-face-canada-in-the-world-cup-2026-round-of-16-2026-07-04?app_v2=true%25252525252F%2Fquote; https://www.goal.com/en/news/canada-morocco-world-cup-preview/blt3bd9c5da356651a9; https://m.elbotola.com/en/article/2026-07-03-19-40-25.html; https://m.elbotola.com/en/article/2026-07-03-20-36-594.html; https://m.elbotola.com/en/article/2026-07-04-02-07-377.html; https://apnews.com/article/canada-south-africa-score-world-cup-704407e25c4ec253daaa2803996d58b0,,,0.72,2026-07-04T08:31:09.499152+00:00
2026-07-04,Colombia,Ghana,unknown,unknown,unknown,Mohammed Kudus is reported out of Ghana's World Cup squad due to a thigh injury and setback in rehabilitation.,unknown,unknown,"Vargas; Daniel Muñoz, Davinson Sánchez, Lucumí, Mojica; Lerma, Puerta, James; John Arias, Luis Díaz, Jhon Córdoba","Asare; Senaya, Adjetey, Luckassen, Mensah; Sibo, Owusu, Thomas; Sulemana, Ayew, Semenyo",unknown,"Carlos Queiroz said Ghana will showcase their strengths and described the team as strong, noting that football's final outcome is always a mystery.",openai,ok,True,200,,web_search_status=missing,False,True,True,https://www.fifa.com/es/tournaments/mens/worldcup/canadamexicousa2026/articles/colombia-ghana-copa-mundial-2026-cuando-es-como-ver-en-vivo-entradas-donde; https://www.fifa.com/en/tournaments/mens/worldcup/canadamexicousa2026/articles/carlos-queiroz-ghana-prematch-feature; https://www.fifa.com/ja/tournaments/mens/worldcup/articles/ghana-squad-world-cup-2026-carlos-queiroz-ja; https://www.fifa.com/en/tournaments/mens/worldcup/canadamexicousa2026/teams/colombia; https://www.fifa.com/es/tournaments/mens/worldcup/canadamexicousa2026/teams/ghana/team-news,https://www.fifa.com/es/tournaments/mens/worldcup/canadamexicousa2026/articles/colombia-ghana-copa-mundial-2026-cuando-es-como-ver-en-vivo-entradas-donde; https://www.fifa.com/en/tournaments/mens/worldcup/canadamexicousa2026/articles/carlos-queiroz-ghana-prematch-feature; https://www.fifa.com/ja/tournaments/mens/worldcup/articles/ghana-squad-world-cup-2026-carlos-queiroz-ja; https://www.fifa.com/en/tournaments/mens/worldcup/canadamexicousa2026/teams/colombia; https://www.fifa.com/es/tournaments/mens/worldcup/canadamexicousa2026/teams/ghana/team-news,"{""injuries_home"":""unknown"",""injuries_away"":""Mohammed Kudus is reported out of Ghana's World Cup squad due to a thigh injury and setback in rehabilitation."",""suspensions_home"":""unknown"",""suspensions_away"":""unknown"",""expected_lineup_home"":""Vargas; Daniel Muñoz, Davinson Sánchez, Lucumí, Mojica; Lerma, Puerta, James; John Arias, Luis Díaz, Jhon Córdoba"",""expected_lineup_away"":""Asare; Senaya, Adjetey, Luckassen, Mensah; Sibo, Owusu, Thomas; Sulemana, Ayew, Semenyo"",""coach_comments_home"":""unknown"",""coach_comments_away"":""Carlos Queiroz said Ghana will showcase their strengths and described the team as strong, noting that football's final outcome is always a mystery."",""source_urls"":[""https://www.fifa.com/es/tournaments/mens/worldcup/canadamexicousa2026/articles/colombia-ghana-copa-mundial-2026-cuando-es-como-ver-en-vivo-entradas-donde"",""https://www.fifa.com/en/tournaments/mens/worldcup/canadamexicousa2026/articles/carlos-queiroz-ghana-prematch-feature"",""https://www.fifa.com/ja/tournaments/mens/worldcup/articles/ghana-squad-world-cup-2026-carlos-queiroz-ja"",""https://www.fifa.com/en/tournaments/mens/worldcup/canadamexicousa2026/teams/colombia"",""https://www.fifa.com/es/tournaments/mens/worldcup/canadamexicousa2026/teams/ghana/team-news""],""confidence"":0.71}",0.71,2026-07-04T08:32:38.604565+00:00
2026-07-04,Paraguay,France,unknown,unknown,Omar Alderete ruled out due to a knee injury.,unknown,unknown,unknown,unknown,unknown,unknown,unknown,openai,ok,True,200.0,,web_search_status=missing,False,True,True,https://www.fifa.com/en/tournaments/mens/worldcup/canadamexicousa2026/articles/jose-canale-paraguay-germany; https://www.fifa.com/en/tournaments/mens/worldcup/canadamexicousa2026/articles/paraguay-squad-announcement-gustavo-alfaro; https://www.fifa.com/en/tournaments/mens/worldcup/canadamexicousa2026/articles/france-world-cup-squad-named; https://www.fifa.com/en/tournaments/mens/worldcup/canadamexicousa2026/articles/calendrier-resultats-france-coupe-du-monde-2026; https://www.fifa.com/en/tournaments/mens/worldcup/canadamexicousa2026/articles/gustavo-alfaro-paraguay-qualify; https://www.fifa.com/en/articles/didier-deschamps-france-world-cup-interview,https://www.fifa.com/en/tournaments/mens/worldcup/canadamexicousa2026/articles/jose-canale-paraguay-germany; https://www.fifa.com/en/tournaments/mens/worldcup/canadamexicousa2026/articles/paraguay-squad-announcement-gustavo-alfaro; https://www.fifa.com/en/tournaments/mens/worldcup/canadamexicousa2026/articles/france-world-cup-squad-named; https://www.fifa.com/en/tournaments/mens/worldcup/canadamexicousa2026/articles/calendrier-resultats-france-coupe-du-monde-2026; https://www.fifa.com/en/tournaments/mens/worldcup/canadamexicousa2026/articles/gustavo-alfaro-paraguay-qualify; https://www.fifa.com/en/articles/didier-deschamps-france-world-cup-interview,"{""injuries_home"":""Omar Alderete ruled out due to a knee injury."",""injuries_away"":""unknown"",""suspensions_home"":""unknown"",""suspensions_away"":""unknown"",""expected_lineup_home"":""unknown"",""expected_lineup_away"":""unknown"",""coach_comments_home"":""unknown"",""coach_comments_away"":""unknown"",""source_urls"":[""https://www.fifa.com/en/tournaments/mens/worldcup/canadamexicousa2026/articles/jose-canale-paraguay-germany"",""https://www.fifa.com/en/tournaments/mens/worldcup/canadamexicousa2026/articles/paraguay-squad-announcement-gustavo-alfaro"",""https://www.fifa.com/en/tournaments/mens/worldcup/canadamexicousa2026/articles/france-world-cup-squad-named"",""https://www.fifa.com/en/tournaments/mens/worldcup/canadamexicousa2026/articles/calendrier-resultats-france-coupe-du-monde-2026"",""https://www.fifa.com/en/tournaments/mens/worldcup/canadamexicousa2026/articles/gustavo-alfaro-paraguay-qualify"",""https://www.fifa.com/en/articles/didier-deschamps-france-world-cup-interview""],""confidence"":0.42}",0.42,2026-07-04T08:32:19.625957+00:00
2026-07-04,Paraguay,France,unknown,unknown,unknown,unknown,unknown,unknown,unknown,unknown,unknown,unknown,unknown,not_run,,,,,,,False,unknown,,,unknown,unknown
